x0,x1,x2,x3,x4,x5,x6,y
0.9327984736301005,0.5626753917895257,0.5146659440360963,0.6040081977844238,0.5099641939159483,0.5251503624022007,0.6066566933877766,17.017050350556392
0.41099834302440286,0.6270995277445763,0.576251771999523,0.12273171474225819,0.9704557165969163,0.8639039092231542,0.3679532213136554,12.868489188255518
0.1029956778511405,0.510811471613124,0.8600742549169809,0.2926257795188576,0.9595797145739198,0.3274481922853738,0.7586202623788267,12.672310691161105
0.9637846269179136,0.04227041290141642,0.741134523646906,0.6950082287658006,0.059060577070340514,0.40528491302393377,0.1469208502676338,10.636084490259856
0.4547008646186441,0.8728514681570232,0.7937361127696931,0.6014613888692111,0.8396119996905327,0.6428639818914235,0.4247447741217911,20.564951218705907
0.016934141516685486,0.19570443709380925,0.24642015830613673,0.08644082699902356,0.3299897601827979,0.8393888140562922,0.9887714537326247,4.250100758823694
0.9279391758609563,0.07260373164899647,0.7342260666191578,0.6073357090353966,0.867610597750172,0.5544835508335382,0.874758827034384,14.948883731663035
0.3544839594978839,0.7634849562309682,0.6396670688409358,0.7907054622191936,0.9975802768021822,0.23472633655183017,0.3248359835706651,21.78328808200907
0.41574124922044575,0.7543490510433912,0.6903672742191702,0.6590204380918294,0.7200491472613066,0.5708786933682859,0.3013364300131798,18.016215843422106
0.7894788896664977,0.695365437772125,0.0662446659989655,0.46557283168658614,0.5986302206292748,0.0883677969686687,0.2612887204159051,20.054393387291043
0.9590339504648,0.52742153336294,0.2963184746913612,0.8149173220153898,0.9144295810256153,0.09608950791880488,0.44673486216925085,24.469574920994596
0.6227861570660025,0.15743967681191862,0.5134068701881915,0.013976582558825612,0.79744659550488,0.5614789337851107,0.27565375762060285,7.794136460383856
0.6662533669732511,0.5069929137825966,0.679337257752195,0.20031326776370406,0.3292101724073291,0.353407577611506,0.13260985957458615,12.961654799345508
0.8198032765649259,0.21938368631526828,0.7712251811753958,0.6031589438207448,0.45100675942376256,0.21710572764277458,0.16117838118225336,16.498410629653527
0.21621183305978775,0.3203575280494988,0.9648778175469488,0.051805378403514624,0.18648666865192354,0.7860848794225603,0.09426960512064397,9.69980221733816
0.4602420595474541,0.8966778861358762,0.07105313381180167,0.5756971011869609,0.28396403742954135,0.945801013847813,0.3339820976834744,20.077872706196796
0.041387882782146335,0.26880867686122656,0.968811817234382,0.8837406574748456,0.11253126058727503,0.2847808499354869,0.7406094574835151,14.747368208815137
0.7935351186897606,0.9792973666917533,0.7966590370051563,0.06988622061908245,0.17918829014524817,0.18747427151538432,0.6674673007801175,8.01228621605087
0.6078362006228417,0.1210551094263792,0.10735587822273374,0.5879566811490804,0.0823025640565902,0.663888611132279,0.1916937183123082,13.385413448877221
0.37966187531128526,0.5807735184207559,0.16509438608773053,0.5783630087971687,0.5428683033678681,0.44049671199172735,0.6436369442380965,17.730221759084447
0.57514478568919,0.32957502780482173,0.5952615751884878,0.6680194162763655,0.03395360731519759,0.1812875911127776,0.37449828488752246,13.450020504533411
0.31850429670885205,0.1801997018046677,0.7961472517345101,0.7610099778976291,0.9269905269611627,0.2605411661788821,0.6667913484852761,15.629732238143557
0.8257420531008393,0.20814302703365684,0.5760708244051784,0.3470642731990665,0.11379818129353225,0.4058457938954234,0.8190804154146463,10.868282288792233
0.8102082733530551,0.8682590231765062,0.7960952720604837,0.7224062306340784,0.4099344671703875,0.7531800391152501,0.9502762544434518,19.013169156419963
0.11508618528023362,0.47553633456118405,0.730066831689328,0.19386571692302823,0.8444607553537935,0.9884798030834645,0.9283453582320362,9.70885655446218
0.5110174329020083,0.1486457537394017,0.05245441966690123,0.7518829330801964,0.3861542884260416,0.7586460285820067,0.45406847377307713,14.61780323189657
0.993097857106477,0.3828680431470275,0.9771379544399679,0.7158219260163605,0.7854303354397416,0.5438285821583122,0.6711413206066936,23.93471815421212
0.4179086103104055,0.12230835948139429,0.2640753835439682,0.17949745361693203,0.03702017664909363,0.14880395377986133,0.12318276474252343,2.2472566108706404
0.15767179429531097,0.8029477407690138,0.7872089345473796,0.8830109799746424,0.3127439618110657,0.18604285805486143,0.6735852521378547,17.567055018904952
0.7415216632653028,0.4194310491438955,0.0650450848042965,0.5476123741827905,0.3747107966337353,0.6041819294914603,0.729269306641072,19.948502230261855
0.3239659897517413,0.6566339621786028,0.7472314955666661,0.42892649746499956,0.9894700532313436,0.983121931552887,0.6216962777543813,15.724911576565212
0.7047432726249099,0.4763870167080313,0.6952901992481202,0.6410732760559767,0.5993106111418456,0.8971966309472919,0.16025326121598482,18.273891136043922
0.5682563555892557,0.12518574646674097,0.8555510961450636,0.15140178054571152,0.44652926945127547,0.2168576712720096,0.24331437656655908,7.7173132950311905
0.7615060675889254,0.8351442918647081,0.6179263915400952,0.015226453775539994,0.09636218869127333,0.8070312009658664,0.9067486319690943,9.952531967087753
0.6712266611866653,0.47877376223914325,0.5365034779533744,0.8993290711659938,0.3337537592742592,0.7504144695121795,0.0825327301863581,19.690562350463097
0.7946036716457456,0.16178048960864544,0.2701202416792512,0.4201723381411284,0.22116799466311932,0.7333584662992507,0.0006508918013423681,10.524034228073267
0.24411174282431602,0.7863170288037509,0.8953417914453894,0.7280606362037361,0.03918370581232011,0.5022326312027872,0.5735529728699476,14.009162038869245
0.12496468634344637,0.8304517925716937,0.8648867448791862,0.6408126109745353,0.2349199594464153,0.49449053104035556,0.8868361474014819,15.098077006623997
0.7125134491361678,0.33649248955771327,0.9824644825421274,0.15693783992901444,0.7695513963699341,0.7655442373361439,0.2514593042433262,15.803520257430527
0.30178515729494393,0.7073185488115996,0.8298849223647267,0.24595382483676076,0.04307251493446529,0.37614873982965946,0.4427226628176868,11.000084812179315
0.2861677804030478,0.0018731425516307354,0.36664062761701643,0.09576813667081296,0.4918511335272342,0.6755696532782167,0.8666947141755372,4.372370093092323
0.2773657802026719,0.3789519735146314,0.4672192020807415,0.4354251229669899,0.9029556219466031,0.9807887349743396,0.18077044561505318,12.174555830453176
0.5295598965603858,0.32814529398456216,0.0907966832164675,0.33101614424958825,0.2319834374357015,0.9082801102194935,0.6911654074210674,12.052061060894259
0.3872269804123789,0.45583123178221285,0.6804334656335413,0.6424086808692664,0.40160199091769755,0.8872279077768326,0.6224116592202336,15.636715181697957
0.9035514532588422,0.24183175689540803,0.49579830607399344,0.774112718179822,0.4738458532374352,0.9966266269329935,0.2707336738239974,16.632521891102645
0.40253564645536244,0.0370160189922899,0.3278932059183717,0.2816425212658942,0.6440490493550897,0.0005733724683523178,0.8123133233748376,6.312086904728194
0.36144915013574064,0.18380006356164813,0.7296317426953465,0.17410702724009752,0.9351320730056614,0.9657043027691543,0.8020480652339756,8.40873630055022
0.8695930866524577,0.6820487161166966,0.8882301929406822,0.4809604480396956,0.9310607865918428,0.16536365635693073,0.04634544369764626,20.240408396085563
0.3519198221620172,0.26222612988203764,0.2211613734252751,0.7576389799360186,0.6136857611127198,0.13083850499242544,0.15117409778758883,15.38105732532003
0.44804700394161046,0.28521117893978953,0.1305571743287146,0.3542696814984083,0.36250100773759186,0.5968435092363507,0.5495520872063935,12.111947854677057
0.07474541827104986,0.23475073091685772,0.201418416807428,0.4552949939388782,0.468994613038376,0.3421454469207674,0.8170106816105545,8.985469524534981
0.23768477118574083,0.12595786922611296,0.33350124629214406,0.40068670897744596,0.1594491396099329,0.2472545898053795,0.055338002275675535,6.4901359246700085
0.4240782014094293,0.842400987399742,0.5213815195020288,0.45824107713997364,0.40877684648148715,0.36620126594789326,0.32396709313616157,16.077091556375006
0.14515445451252162,0.4905567227397114,0.4676573683973402,0.6449960160534829,0.05871568410657346,0.4340091834310442,0.7997302149888128,7.239500591783965
0.8414276379626244,0.3105243605095893,0.8584305034019053,0.3700633938424289,0.7745177121832967,0.5244760070927441,0.1493519996292889,19.272514532386626
0.7810686705633998,0.040160468546673656,0.5087493120227009,0.23983713937923312,0.9573210200760514,0.29448472685180604,0.8164208240341395,9.144379208389763
0.6344668394885957,0.8708839758764952,0.4516676322091371,0.19366774382069707,0.2616653726436198,0.3170024824794382,0.057892286917194724,11.848011868489616
0.2478765482082963,0.15083917486481369,0.8345106020569801,0.40952020487748086,0.9917963854968548,0.1829023566097021,0.9286018477287143,11.737693261414266
0.41259616590104997,0.6701178711373359,0.7549024187028408,0.10594885889440775,0.5370086717884988,0.19332020357251167,0.6437667191494256,13.879838589534492
0.27184404782019556,0.6697832923382521,0.02197817829437554,0.45343264541588724,0.044591177022084594,0.912729880772531,0.6945160382892936,14.048470076327105
0.7595320497639477,0.7711371316108853,0.7160961884073913,0.9052558785770088,0.15280047664418817,0.21778242639265954,0.4099896550178528,19.721422903292833
0.06747937109321356,0.9676784006878734,0.14558534719981253,0.057913111289963126,0.6270636757835746,0.7963946147356182,0.9395565094891936,8.63711783340107
0.620737636461854,0.3965250563342124,0.37505863164551556,0.7666200189851224,0.7726795349735767,0.0085476899985224,0.5984667742159218,17.220423031807282
0.7000390121247619,0.6645157055463642,0.8708538429345936,0.8738596516195685,0.6188027001917362,0.7339641356375068,0.9135461912956089,25.85676840128666
0.598465560702607,0.40787727595306933,0.3173779845237732,0.5604213571641594,0.25693818065337837,0.3250936910044402,0.4759850618429482,13.873645554387867
0.7803477896377444,0.5255756289698184,0.15136145893484354,0.15252467337995768,0.7816230480093509,0.20441962755285203,0.06978768762201071,16.892710580765705
0.25298985093832016,0.372580642811954,0.631679858546704,0.313896210398525,0.8795224656350911,0.2532459076028317,0.7884208546020091,9.58604073925293
0.42553192586638033,0.04942036629654467,0.0998855649959296,0.43164811795577407,0.8460908413399011,0.4899800105486065,0.07064716541208327,12.939172704136887
0.7032495636958629,0.18440141389146447,0.6000420250929892,0.04332081647589803,0.7237718943506479,0.2358930455520749,0.17205422814004123,7.761865374654487
0.09092407207936049,0.3999597525689751,0.8486299442593008,0.7045072240289301,0.10360780032351613,0.40695097390562296,0.620778184151277,10.722016974619233
0.2683739915955812,0.9107490950264037,0.11707978206686676,0.01621211157180369,0.8051274418830872,0.6037289735395461,0.9871557129081339,15.19203849203717
0.6965829734690487,0.9522022218443453,0.8179627922363579,0.9173938541207463,0.3164111159276217,0.007718707900494337,0.805814971216023,23.437871388428935
0.45556498342193663,0.8768424638547003,0.032678323332220316,0.3315581295173615,0.03662445396184921,0.9548760659527034,0.5910966999363154,16.513640836844566
0.6777695287019014,0.8268956812098622,0.6047462408896536,0.7705375412479043,0.9218308909330517,0.5796279744245112,0.8883866388350725,23.45986571373161
0.684729759581387,0.1943569879513234,0.44295914471149445,0.522260827710852,0.9116132452618331,0.9367767563089728,0.5669733509421349,11.986487241496437
0.8548786258324981,0.34269509417936206,0.88394486438483,0.1574625715147704,0.7713170824572444,0.8471034821122885,0.6039976119063795,16.2237200254178
0.7425991629716009,0.13354626530781388,0.2422509582247585,0.9685048370156437,0.13317225989885628,0.6671698652207851,0.6789673683233559,14.73266762913321
0.5500665004365146,0.08572696335613728,0.3800615849904716,0.96454749093391,0.11918468959629536,0.4216280875261873,0.49711659317836165,12.34122902951705
0.34152639331296086,0.32293776352889836,0.6057192338630557,0.5855347539763898,0.5127713771071285,0.48115693242289126,0.8668701762799174,10.568501347474397
0.6708488599397242,0.7460250896401703,0.5558203726541251,0.1971008477266878,0.3869124420452863,0.5199072228278965,0.3441324639134109,14.129191693265287
0.9170538780745119,0.6488619602750987,0.91537537262775,0.9517593118362129,0.10329690272919834,0.28431376279331744,0.03291002148762345,22.80108856711437
0.47843736433424056,0.29036364844068885,0.6434288416057825,0.006500049494206905,0.4184434781782329,0.8635742543265224,0.39704353897832334,6.8500418792412034
0.6103473685216159,0.5058738449588418,0.02676539053209126,0.8507494390942156,0.7388883491512388,0.6361933394800872,0.04835628694854677,24.06008224646462
0.3221009913831949,0.5323387833777815,0.5757487257942557,0.841773099033162,0.2614080714993179,0.7935677235946059,0.2546903365291655,13.36681743169096
0.8155181112233549,0.26052142726257443,0.4037574587855488,0.222668569535017,0.46757782925851643,0.6396152372471988,0.06080091209150851,10.516107495766281
0.07941938727162778,0.8393960809335113,0.6454058103263378,0.9817616138607264,0.9771806737408042,0.35938129969872534,0.4367202748544514,17.408623397285904
0.3088633678853512,0.24097794527187943,0.8776447670534253,0.1665948412846774,0.18943237024359405,0.24208845919929445,0.37893081665970385,10.269978854008833
0.1777505890931934,0.6487837543245405,0.9871334547642618,0.9505463214591146,0.21039591962471604,0.39848508592695,0.1083645848557353,18.72172869538789
0.5771119049750268,0.8154310586396605,0.7417294662445784,0.49136549700051546,0.9521546133328229,0.7112397493328899,0.6748218350112438,20.042349358634567
0.7156318428460509,0.6263393531553447,0.22786346799694002,0.7440693520475179,0.8638957091607153,0.09977981983684003,0.3768432829529047,22.06513042388696
0.04868207289837301,0.4666032516397536,0.17457231227308512,0.5513661045115441,0.07730820146389306,0.9861748754046857,0.38327218871563673,6.9816119665824505
0.9446939844638109,0.7835178959649056,0.6287640163209289,0.14353812718763947,0.5683906925842166,0.9953569725621492,0.7299918385688215,12.544480002476089
0.5701081496663392,0.9922404766548425,0.9523227936588228,0.8138508519623429,0.15140685625374317,0.6632218367885798,0.3475722325965762,23.016152865883093
0.4582697928417474,0.8912251263391227,0.9539694213308394,0.40579013200476766,0.9304994600825012,0.3844854016788304,0.38951187767088413,21.550968959738285
0.8998904856853187,0.1377169145271182,0.3689032909460366,0.2522790809161961,0.6617293076124042,0.520884596509859,0.3476762406062335,8.300129616216577
0.19644844345748425,0.5463951837737113,0.36330788116902113,0.33705857768654823,0.07462017820216715,0.6534258888568729,0.9481521993875504,7.892794219442215
0.6746806984301656,0.4855195223353803,0.4728438132442534,0.723550129448995,0.9995547542348504,0.946494847536087,0.2372427226509899,20.030426656581533
0.9459149925969541,0.2672238580416888,0.10925515531562269,0.5476635987870395,0.5904894103296101,0.66918856324628,0.22423431952483952,21.54473969193757
0.9394686429295689,0.5650254501961172,0.6000521078240126,0.767909174785018,0.8900674544274807,0.8293537818826735,0.06768437847495079,21.246615755093558
0.8497611628845334,0.1245543914847076,0.4215927261393517,0.7355583882890642,0.45471691456623375,0.6307936415541917,0.6464712657034397,12.364897534880813
0.3824398776050657,0.0019515352323651314,0.24949259217828512,0.37844909518025815,0.7881613976787776,0.46365268784575164,0.9093952418770641,8.338012670761472
0.9686059835366905,0.44608740555122495,0.13954259175807238,0.7244725755881518,0.1015727121848613,0.4926866227760911,0.605005425401032,19.593027733524178
0.05560080660507083,0.4137233232613653,0.8621807666495442,0.17605113657191396,0.6312260443810374,0.7403248308692127,0.29645976005122066,6.895669357205344
0.5159487328492105,0.025566708063706756,0.4165275495033711,0.06964523671194911,0.8832526486366987,0.8048087893985212,0.36149659380316734,4.81208262506718
0.2576554799452424,0.09344041696749628,0.034826806047931314,0.37572217360138893,0.45676106796599925,0.5671194565948099,0.0770780814345926,11.463318715457877
0.9190517526585609,0.1744962576776743,0.025997451273724437,0.6384550184011459,0.7528987498953938,0.40469944570213556,0.28152122790925205,18.247123878148262
0.6549067874439061,0.49566728295758367,0.9080541697330773,0.5890479977242649,0.33331210911273956,0.12593816593289375,0.6538605049718171,20.135566141919373
0.6146454319823533,0.7565644574351609,0.5494070511776954,0.8738341834396124,0.7364235832355917,0.8754938237834722,0.7714601571206003,22.78648954676019
0.42308870959095657,0.27323770709335804,0.6014600971248001,0.08354007196612656,0.42914236010983586,0.03651488455943763,0.5481297979131341,5.6428790114731004
0.5955854849889874,0.8037129349540919,0.8282389051746577,0.31349539663642645,0.08201932674273849,0.9573970299679786,0.30367440707050264,15.616215868329157
0.49519570637494326,0.6757794360164553,0.765559847233817,0.90165513032116,0.4127065488137305,0.08373252674937248,0.4612802567426115,20.15385471902026
0.8227625484578311,0.3182300040498376,0.4500572176184505,0.3457479674834758,0.978634694358334,0.27642666711471975,0.7019273091573268,16.23563498489148
0.2883145557716489,0.19999533123336732,0.9454905451275408,0.7737956072669476,0.8369065774604678,0.15947057935409248,0.912621081341058,18.976469661220925
0.3596599893644452,0.9250556190963835,0.08954989863559604,0.041088108671829104,0.4582951965276152,0.718565626302734,0.6473326478153467,16.052852797398295
0.17513864790089428,0.20592437614686787,0.46689152414910495,0.6521423400845379,0.63681286922656,0.5500636918004602,0.030986789148300886,11.60322994797665
0.3486816128715873,0.28538323752582073,0.8504760419018567,0.37409743876196444,0.14590190979652107,0.9828797292429954,0.12779763154685497,9.275588971098898
0.6150144825223833,0.39621525979600847,0.8736107207369059,0.20799259981140494,0.23159324540756643,0.9327797484584153,0.6323261607903987,13.021135069237218
0.9708466841839254,0.6696251479443163,0.368176968768239,0.3579889298416674,0.9324657386168838,0.4415205654222518,0.11871272954158485,17.50441300081085
0.22792999725788832,0.5378115407656878,0.4211258692666888,0.4186168243177235,0.9984494883101434,0.07024266058579087,0.7946985820308328,11.560765506409812
0.3059811289422214,0.5115791431162506,0.3137990569230169,0.4752688384614885,0.6573577655944973,0.752975681098178,0.7918228527996689,13.456072543540047
0.5147776394151151,0.5944500670302659,0.7378227913286537,0.6295428248122334,0.06369643728248775,0.13717254577204585,0.8254883720073849,15.582435475207424
0.2446798423770815,0.7169174365699291,0.8227826585061848,0.00856383959762752,0.16200703498907387,0.2393290416803211,0.23107041139155626,8.85253855299992
0.49084207648411393,0.8891823422163725,0.2939189583994448,0.3890155719127506,0.41432516695931554,0.06462117191404104,0.3409642647020519,17.659576273079452
0.9407630637288094,0.5475588515400887,0.5594090418890119,0.4082280411385,0.1362803850788623,0.6537890485487878,0.49420968326739967,15.395914317246882
0.564574931981042,0.756050217198208,0.3809722401201725,0.5011109411716461,0.21658207359723747,0.6631858560722321,0.10106853768229485,16.238487693261337
0.9084589357953519,0.14531708997674286,0.19823405425995588,0.8941565430723131,0.47597316931933165,0.7197311823256314,0.08995623048394918,17.36048068823543
0.761292930925265,0.4660391150973737,0.6698353355750442,0.7231289378833026,0.07340755825862288,0.7109269758220762,0.3387068414594978,18.050418883231725
0.35113191418349743,0.10649350215680897,0.0388423902913928,0.723609653301537,0.9721098728477955,0.2393096135929227,0.8583807207178324,17.705777387263772
0.2498277456033975,0.2075340657029301,0.5054718079045415,0.011242412030696869,0.16775731043890119,0.8463323332834989,0.09363213158212602,0.9522725151609122
0.15821586200036108,0.0030781521927565336,0.6182894317898899,0.06066946545615792,0.34825437399558723,0.9646135673392564,0.10526634124107659,3.1702413581658115
0.6503023884724826,0.19916021334938705,0.3503242819570005,0.7914595936890692,0.39678160240873694,0.6993726913351566,0.2206001381855458,13.159738408732375
0.329078680370003,0.9236210905946791,0.2577636183705181,0.2979276461992413,0.7467378065921366,0.6539608384482563,0.05373573838733137,14.818132435523507
0.7479413377586752,0.561876539606601,0.4313249581027776,0.3075132668018341,0.16861240123398602,0.7663653790950775,0.056985007133334875,13.670327649413121
0.373440767172724,0.42194277653470635,0.719633390661329,0.025150902569293976,0.8960423779208213,0.6411884685512632,0.5847598379477859,10.241777085499733
0.7079482926055789,0.3825175673700869,0.33399649523198605,0.3237599430140108,0.5824596825987101,0.3599617248401046,0.5059887806419283,13.746869259409708
0.9096516103018075,0.5504418292548507,0.7546807620674372,0.6362545967567712,0.9501559531781822,0.0360219469293952,0.9312643762677908,23.055880860112964
0.9548233575187624,0.14067059848457575,0.14152209693565965,0.7664673891849816,0.12252026307396591,0.16118844598531723,0.9239318172913045,15.425083502319438
0.03611868270672858,0.03652191604487598,0.4311821043957025,0.4552603540942073,0.5691722875926644,0.5845448516774923,0.8398828792851418,7.457950171715116
0.4257925993297249,0.6178684453479946,0.7130644631106406,0.8184492331929505,0.4707109273876995,0.5179519338998944,0.6046168522443622,17.953541866156797
0.9281225856393576,0.2522726538591087,0.19348681392148137,0.4127710124012083,0.396044751862064,0.46081940014846623,0.8054659629706293,14.01221701175099
0.1385737129021436,0.9838806721381843,0.583994380896911,0.20660040597431362,0.2315485207363963,0.16235250770114362,0.6113887305837125,5.877301017261323
0.934095258358866,0.7660136907361448,0.9640149255283177,0.7340176939032972,0.3320003452245146,0.7621694577392191,0.12472584214992821,21.24292879358894
0.6447071817237884,0.294760316144675,0.1363730556331575,0.7518481260631233,0.268251126864925,0.11984026432037354,0.8185443533584476,17.79569222100775
0.4571258439682424,0.4100412018597126,0.018992058467119932,0.9457921131979674,0.9974260332528502,0.7978002224117517,0.4258826656732708,25.41856121491524
0.6605964964255691,0.4897686787880957,0.2631475271191448,0.19594987551681697,0.7847385266795754,0.36251174635253847,0.8020505362655967,16.210404446719085
0.8759418576955795,0.40214146254584193,0.9705487049650401,0.34544298658147454,0.7778871050104499,0.9383485710714012,0.9306435903999954,21.517110453823744
0.9586310423910618,0.7925557987764478,0.4522783048450947,0.4086223628837615,0.48201509309001267,0.10159860574640334,0.02582184411585331,14.610722733725217
0.6170014922972769,0.39727460336871445,0.5232067538890988,0.5013624564744532,0.2308416673913598,0.46453121677041054,0.1788710206747055,13.664948179138497
0.3895276179537177,0.8905466182623059,0.9690703863743693,0.36585893225856125,0.5115818160120398,0.38658362603746355,0.7120816649403423,20.639568924048177
0.19965897174552083,0.18788400362245739,0.7093684228602797,0.44632743834517896,0.17390358564443886,0.14456769730895758,0.6760218199342489,9.102739207059042
0.33334712078794837,0.6497801295481622,0.45361279300414026,0.2885459891986102,0.5345765126403421,0.8013986754231155,0.6306097533088177,11.12975007721878
0.8666415112093091,0.9351492165587842,0.973223167238757,0.521263888804242,0.6835729081649333,0.11536130122840405,0.4631362466607243,17.760500901712874
0.20558662596158683,0.38699733512476087,0.3474130586255342,0.16308838198892772,0.24458132172003388,0.46710444893687963,0.9446597739588469,5.003452813426358
0.9674829102586955,0.9333695692475885,0.32013506535440683,0.5374946598894894,0.3223156521562487,0.8654316074680537,0.9773060942534357,11.148202550881221
0.4112665618304163,0.44504430308006704,0.4066117487382144,0.7551477155648172,0.07122936425730586,0.2001170392613858,0.04023629380390048,17.2289502916436
0.8906245059333742,0.7967273094691336,0.6668918719515204,0.30926528642885387,0.7522110913414508,0.194091813871637,0.7394073901232332,17.916805315350604
0.49015299789607525,0.9358384972438216,0.9424281937535852,0.7820410116109997,0.9713494221214205,0.17780392337590456,0.3178704387973994,26.60353260257972
0.9624438111204654,0.9664097996428609,0.5899466681294143,0.2899594879709184,0.0774917823728174,0.7168840491212904,0.7353027097415179,5.911257336514047
0.17628598329611123,0.45264433952979743,0.8113799018319696,0.25215687369927764,0.706984908785671,0.6280060468707234,0.6399273860733956,10.561595138661183
0.4203020897693932,0.8723741851281375,0.17939412710256875,0.03319683205336332,0.35368801956065,0.8233285297174007,0.9479877818375826,13.546761430314376
0.28435287275351584,0.7757069692015648,0.22543498105369508,0.12338450085371733,0.8723948751576245,0.1937315531540662,0.953283661743626,15.220999400349706
0.6420149034820497,0.6563545672688633,0.10807735449634492,0.5759369011502713,0.8267384902574122,0.7255712661426514,0.09069876093417406,23.191542559617876
0.22102187760174274,0.7380152232944965,0.8945272315759212,0.9426007431466132,0.9098030186723918,0.15328823355957866,0.3332513249479234,21.245303103219527
0.4586096799466759,0.2835992802865803,0.6675100945867598,0.9203758095391095,0.39299366693012416,0.4930394839029759,0.8618236924521625,17.750320494147065
0.019005476031452417,0.5806030321400613,0.05168782593682408,0.0622193010058254,0.8741557998582721,0.07421587011776865,0.531648765085265,9.695079438249756
0.8624466634355485,0.3477019318379462,0.38709626882337034,0.7385269198566675,0.8567314299289137,0.5087003600783646,0.6111822961829603,18.913445906357133
0.4540954993572086,0.796141818864271,0.4134506518021226,0.707533735781908,0.5676302609499544,0.11943866591900587,0.7670341420453042,18.09290859259401
0.3667729333974421,0.06156746600754559,0.3157641275320202,0.5746821973007172,0.2910488019697368,0.2077512254472822,0.40143511118367314,9.836748649723287
0.00231872103177011,0.3866355139762163,0.6018087214324623,0.4201529696583748,0.5595005312934518,0.49945718911476433,0.6593836168758571,8.448887468932805
0.23875929624773562,0.13866757112555206,0.17434425558894873,0.3091881610453129,0.6125742180738598,0.6519183290656656,0.5733380939345807,8.35817516018784
0.17078008106909692,0.3065372339915484,0.33070708927698433,0.7517550331540406,0.4701461640652269,0.686529288534075,0.5473529654555023,12.182209737220376
0.7253697281703353,0.9525678048375994,0.021347684087231755,0.27360255597159266,0.6109709779266268,0.004022010136395693,0.49032414401881397,18.319454278471547
0.883545454358682,0.08209334569983184,0.5972764219623059,0.429963604779914,0.7523724178317934,0.11570084490813315,0.8816119476687163,11.456517408252036
0.205873733619228,0.9797958349809051,0.3903497096616775,0.12526190700009465,0.6872649290598929,0.870532029075548,0.10824701795354486,12.309900680907308
0.0356374008115381,0.5909116847906262,0.3372330942656845,0.5890283433254808,0.7648579198867083,0.7410364409442991,0.20645699184387922,10.299908009238504
0.4709551471751183,0.4645263529382646,0.4627755235414952,0.802312795072794,0.40905560669489205,0.7903426082339138,0.7396147476974875,16.54270683656157
0.18558807997033,0.45235942187719047,0.1787077160552144,0.7374606130179018,0.47398482542485,0.9503490692004561,0.7984450343064964,12.084437651948175
0.3825019591022283,0.3825823904480785,0.7666388766374439,0.4444713923148811,0.7290132092311978,0.19518372346647084,0.4919427076820284,13.763562263509625
0.5091388437431306,0.7521885498426855,0.04149942775256932,0.15100389416329563,0.19026655051857233,0.633916491176933,0.1519344630651176,17.051904973729936
0.9503783329855651,0.6578649978619069,0.07907131407409906,0.47985604661516845,0.556845442391932,0.3992175576277077,0.9808942663948983,21.08421815127206
0.5086413177195936,0.12858271622098982,0.20724016590975225,0.08123567677102983,0.20205653924494982,0.09392906096763909,0.7260432224720716,5.688407595752687
0.8953749048523605,0.9329454896505922,0.17376422439701855,0.7692210804671049,0.7029605349525809,0.8429691856727004,0.12071585445664823,17.241189925112515
0.37925114831887186,0.2991596779320389,0.8999334801919758,0.38902321131899953,0.9236698430031538,0.8091388887260109,0.7223031863104552,16.91306523659934
0.43619354628026485,0.6083853538148105,0.6824915269389749,0.7074802196584642,0.9313588642980903,0.2612618734128773,0.7007529598195106,19.545386255398945
0.9837484434247017,0.7635412605013698,0.2729519996792078,0.27852670662105083,0.3797346195206046,0.6916217107791454,0.7957919777836651,11.606029119251405
0.8627815952058882,0.2549642517697066,0.7799665571656078,0.2626133286394179,0.7690691440366209,0.29080086410976946,0.5191417636815459,15.833433067632214
0.32343120058067143,0.8845762710552663,0.42462003603577614,0.9219156901817769,0.6033367675263435,0.15615057153627276,0.7761072225403041,19.48679131595698
0.4696663364302367,0.7058900247793645,0.010572293307632208,0.13234229176305234,0.5999881299212575,0.43160281144082546,0.23289855592884123,19.17809923422074
0.5960469821002334,0.44542202865704894,0.9496364300139248,0.3561731702648103,0.8586636988911778,0.988988195778802,0.4961703971493989,18.69539528504037
0.8297579081263393,0.5784092834219337,0.7032667666207999,0.23022176790982485,0.968244768679142,0.9537114263512194,0.9699869640171528,19.304013257647327
0.001494009979069233,0.07034642761573195,0.9891902031376958,0.15553218079730868,0.7253791950643063,0.835656353039667,0.026445913361385465,8.231056099678264
0.02665142435580492,0.8083394474815577,0.731109305517748,0.8251767000183463,0.5604462816845626,0.11857246607542038,0.5690269358456135,12.093659084314135
0.8095239934045821,0.11207607015967369,0.04726002481766045,0.3611185282934457,0.5566632782574743,0.8986289701424539,0.5691955292131752,13.88380998567917
0.4908409498166293,0.4705440169200301,0.8698033564724028,0.4219451972749084,0.1528554738033563,0.6100459061563015,0.701723454752937,13.264479495875179
0.8181051723659039,0.036825374932959676,0.33424346917308867,0.735753834946081,0.9981483481824398,0.906767267966643,0.10004736785776913,15.048761984598196
0.5691982286516577,0.9062080448493361,0.5319797906558961,0.3714965304825455,0.06276785023510456,0.21047529089264572,0.2046943842433393,12.188141790071677
0.39919792488217354,0.3320361506193876,0.18939109588973224,0.6101102798711509,0.685082190670073,0.19440594082698226,0.9804804592859,16.94435631297807
0.08970839693211019,0.20046977209858596,0.7871066490188241,0.791651098523289,0.9887308024335653,0.23482605535537004,0.8151424701791257,14.039670766371847
0.8807453217450529,0.6668676019180566,0.14431175938807428,0.14459045487456024,0.6085537290200591,0.9795544159132987,0.5489523415453732,16.87102371188066
0.42228522268123925,0.7433924172073603,0.8729921244084835,0.0971165974624455,0.48998154141008854,0.31654969532974064,0.6125529531855136,16.02153326100258
0.39322489057667553,0.06838438427075744,0.6585664537269622,0.1853264388628304,0.328668178524822,0.7897171054501086,0.8145331949926913,5.138413056543581
0.6544313349295408,0.3501098561100662,0.5769713963381946,0.14268767554312944,0.9761208563577384,0.02798442356288433,0.03768442338332534,12.563722629104046
0.5524069329258054,0.697909651324153,0.45774894673377275,0.5166153030004352,0.7987233877647668,0.13679226068779826,0.9214611416682601,18.931730945398286
0.8026682469062507,0.5731387727428228,0.40574169298633933,0.22594866366125643,0.6060118291061372,0.2781657602172345,0.9584431084804237,14.20501022096022
0.7069115925114602,0.8829584389459342,0.7424735052045435,0.6455368583556265,0.12145165377296507,0.3294206536374986,0.08084020018577576,17.01564832044686
0.5505532366223633,0.3999568906147033,0.1478389916010201,0.27232475974597037,0.8920700899325311,0.8961724133696407,0.05285086599178612,15.644069033474144
0.047523956280201674,0.9333584341220558,0.4964436595328152,0.43194278120063245,0.8046843949705362,0.654603663366288,0.4492809404619038,10.775301103694279
0.20953108929097652,0.13149574026465416,0.014985524117946625,0.7174368114210665,0.08743831282481551,0.5043990057893097,0.1442621706519276,14.418180470602685
0.06386227649636567,0.025511607062071562,0.26291107572615147,0.16120473318733275,0.5099153032060713,0.3721000198274851,0.3918592722620815,3.7818776290135867
0.4466541965957731,0.7187366839498281,0.5677962051704526,0.2561532079707831,0.8587913634255528,0.9678874358069152,0.6274354071356356,16.17192161530405
0.6034093957860023,0.9329335538204759,0.5476757790893316,0.6595848586875945,0.5317555125802755,0.6921125259250402,0.16986389691010118,20.510994477477755
0.5717185782268643,0.5142172623891383,0.9220694545656443,0.6998050943948328,0.9280116870068014,0.2821439222898334,0.7323569979052991,22.145472472225016
0.1964572281576693,0.38453591568395495,0.654423316475004,0.7380122835747898,0.320164502132684,0.9622171171940863,0.15287752589210868,11.00560056991544
0.4195310559589416,0.036575976526364684,0.371356914518401,0.278384858276695,0.47513201739639044,0.4433496620040387,0.2753722027409822,5.297859745451219
0.4820990776643157,0.30783248180523515,0.9519184289965779,0.662099806824699,0.3779313548002392,0.37281783297657967,0.6068190052174032,16.926542016922614
0.9562877812422812,0.5764478382188827,0.7240220422390848,0.3323113543447107,0.6590177074540406,0.08724060468375683,0.7011483397800475,17.23511285266963
0.31627250788733363,0.7972110416740179,0.3079406840261072,0.23560165776871145,0.782168535515666,0.1258595841936767,0.6009783772751689,14.44554200134159
0.6717997810337692,0.844564963132143,0.9416021530050784,0.8233344540931284,0.14873268455266953,0.8849956500343978,0.39576644683256745,22.423294296014554
0.49633011571131647,0.7257664876524359,0.21549984207376838,0.8793579847551882,0.7361712949350476,0.7947762401308864,0.05746779730543494,23.780404831808934
0.24067887431010604,0.14508854132145643,0.10431175702251494,0.07596080400981009,0.7848292784765363,0.6701451558619738,0.965372409671545,9.728508355725745
0.28817362687550485,0.7211897652596235,0.6283794094342738,0.36768729402683675,0.06777715706266463,0.16335777495987713,0.15796855418011546,9.001024130356212
0.5115266579668969,0.41297055478207767,0.7277500119525939,0.8830737522803247,0.9262167471460998,0.10165608068928123,0.4087524393107742,19.878596042967004
0.9664145992137492,0.07895202632062137,0.06404334586113691,0.34504667134024203,0.3557959692552686,0.785782887134701,0.19342463579960167,11.61440457968437
0.7802548273466527,0.3404346536844969,0.2661357973702252,0.05239009391516447,0.5248368971515447,0.7281297228764743,0.995195496128872,11.405664572589714
0.20993783231824636,0.7920795166864991,0.38509681448340416,0.8640626908745617,0.21764475223608315,0.23329900647513568,0.4632273274473846,15.802304093050871
0.3787742950953543,0.44311706465668976,0.6726594250649214,0.5277298174332827,0.33795462804846466,0.5363253166433424,0.15151846804656088,13.669703189161444
0.09863346954807639,0.15315966424532235,0.3927990929223597,0.3647800663020462,0.41770546580664814,0.7746159117668867,0.6682529777754098,5.560699894642397
0.47815052745863795,0.9308361622970551,0.15332585270516574,0.06414328934624791,0.5720107445959002,0.2936064552050084,0.7727882452309132,17.148112206375114
0.4549502788577229,0.22795139765366912,0.4950522652361542,0.42222864576615393,0.7201936193741858,0.0634322774130851,0.5830466442275792,11.903517557120413
0.9875179326627403,0.02174513158388436,0.9710987005382776,0.9920855967793614,0.9597604956943542,0.41457175835967064,0.9865302219986916,21.194883782402297
0.4434463114012033,0.6379041017498821,0.8238456037361175,0.5377095907460898,0.17529763095080853,0.6057264397386461,0.13741625007241964,16.90198914970656
0.45225527812726796,0.08180607785470784,0.7443684327881783,0.47049591434188187,0.6785514797084033,0.9498121358919889,0.6038402218837291,9.467867345480034
0.8121485791634768,0.2776815854012966,0.8770763643551618,0.28867747681215405,0.036807444877922535,0.6496777357533574,0.740461484529078,11.140205299443533
0.6681499190162867,0.9762857402674854,0.09287727740593255,0.4192607873119414,0.8977363533340394,0.31738651636987925,0.6055400120094419,21.156109630218474
0.93330421554856,0.22548237699083984,0.3812432191334665,0.29677650425583124,0.11968435510061681,0.9515420149546117,0.9459945191629231,7.832724129725236
0.5407729803118855,0.9558097599074244,0.903675303561613,0.6692638222593814,0.4784483176190406,0.07474241103045642,0.8757922844961286,22.71877722082093
0.12036143150180578,0.14054790418595076,0.41095678601413965,0.3711543697863817,0.42486835992895067,0.571724247885868,0.9479193731676787,7.603888174690488
0.0366978719830513,0.06197282252833247,0.03887301171198487,0.4525642851367593,0.0938240282703191,0.458349916851148,0.9620274796616286,9.064668184304757
0.5534383822232485,0.3612294995691627,0.9832219320815057,0.18834025808610022,0.1276259170845151,0.5053579844534397,0.8219005949795246,14.006656882071244
0.6010769496206194,0.5730442390777171,0.4829576115589589,0.5917913867160678,0.5167699283920228,0.2749911800492555,0.13728238362818956,16.91586180882048
0.8696741303429008,0.42250953149050474,0.37112435419112444,0.05834278929978609,0.03185091889463365,0.380395645275712,0.9616255119908601,10.050252321809939
0.11486175889149308,0.12243655836209655,0.20868683909066021,0.29492829903028905,0.0004296833649277687,0.7830357344355434,0.13846791698597372,5.885376485178159
0.9814199423417449,0.6544569889083505,0.628793187206611,0.48639782168902457,0.3831046533305198,0.5398321652319282,0.04247839329764247,15.614543633446551
0.553765389835462,0.7664921700488776,0.9450447431299835,0.42189569608308375,0.8481924731750041,0.19007455906830728,0.4696236113086343,20.920124833563314
0.2870078443083912,0.5719370013102889,0.7884750769007951,0.37352797109633684,0.7168528146576136,0.9198330221697688,0.7964613528456539,14.713154387783108
0.18089353619143367,0.03479552618227899,0.8083105753175914,0.2874833778478205,0.002687862841412425,0.5169779711868614,0.9658451264258474,5.385938357529504
0.6049889067653567,0.0536209458950907,0.32386594312265515,0.8035665578208864,0.748731245752424,0.7496071988716722,0.7835396775044501,15.844950094655616
0.2798677950631827,0.8260908962693065,0.20502458116970956,0.5900334753096104,0.4999119855929166,0.18455263506621122,0.6704977848567069,16.511687084891168
0.8998457239940763,0.4569215886294842,0.19497123500332236,0.9266963067930192,0.3335889130830765,0.6447682378347963,0.9137591677717865,21.20130848065862
0.833407539408654,0.3787017767317593,0.8998691746965051,0.580464030848816,0.14594204491004348,0.6508669671602547,0.3554944531060755,18.438819087375073
0.7095715813338757,0.5521829922217876,0.3162473679985851,0.8556764817330986,0.9361542270053178,0.28713236073963344,0.9132560468278825,22.17611325038111
0.10359477903693914,0.592929046601057,0.006563996430486441,0.2688189186155796,0.8735991099383682,0.09631070285104215,0.2140062286052853,13.532356983100764
0.47288837330415845,0.48372825677506626,0.45651516504585743,0.13186547509394586,0.24780053179711103,0.07313673268072307,0.07005446846596897,9.044211713542136
0.8517284407280385,0.7593736455310136,0.5107185444794595,0.48831458715721965,0.15891612018458545,0.851814869325608,0.028817507205531,15.023746707573691
0.4821773055009544,0.6886345825623721,0.7407906705047935,0.023495465517044067,0.13209790387190878,0.6263192982878536,0.6349375043064356,12.27999297284753
0.4592653210274875,0.5025438193697482,0.7608688075561076,0.3819491732865572,0.117105697048828,0.20353945926763117,0.4727154232095927,12.679837477043627
0.1745562159921974,0.4628704588394612,0.323162087937817,0.13197328173555434,0.4234383401926607,0.4585589375346899,0.3360795781482011,6.745087354686111
0.9117743948008865,0.9661421971395612,0.6118171992711723,0.2007461057510227,0.02121749147772789,0.11787472339347005,0.6510949344374239,6.964490601708401
0.12376863369718194,0.9168286020867527,0.22133236308582127,0.026274228002876043,0.3501002914272249,0.1803964995779097,0.48693118756636977,6.844972832212116
0.46194932772777975,0.4631989342160523,0.42546912049874663,0.573953639017418,0.7277654150966555,0.9483465650118887,0.14613665943033993,15.810299382896813
0.4374591582454741,0.05062414798885584,0.8519069470930845,0.9763039860408753,0.19138170988298953,0.22225953359156847,0.30104792467318475,13.42643314423177
0.661183113232255,0.07949354453012347,0.14898655842989683,0.7470757078845054,0.1272327236365527,0.6462958236224949,0.5768658402375877,11.83777815846356
0.8918100902810693,0.2122770247515291,0.6157339301425964,0.5594249495770782,0.27025507343932986,0.11712085525505245,0.6237099419813603,14.825881630599646
0.46260493784211576,0.8031925645191222,0.03436090424656868,0.07913679536432028,0.4166947731282562,0.32647989969700575,0.803985828300938,16.562946229988142
0.4297449798323214,0.31419345643371344,0.808387597091496,0.47788440389558673,0.7821422920096666,0.9037852094043046,0.6872836844995618,14.773668362715162
0.935833961237222,0.1833924117963761,0.276197309140116,0.4907032232731581,0.6370719752740115,0.44586326414719224,0.19355524540878832,14.75494778564575
0.07321881013922393,0.3021406640764326,0.6489788128528744,0.4264666133094579,0.19895804463885725,0.7582290682476014,0.5447757609654218,7.031379754726867
0.43157687736675143,0.6148735615424812,0.8005121245514601,0.9320294421631843,0.17059337929822505,0.3629548086319119,0.48661763733252883,18.173172387838207
0.1733291654381901,0.6373855380807072,0.7523242731112987,0.12603094964288175,0.841846423689276,0.2889573550783098,0.4627600898966193,9.273988081693219
0.6758931525982916,0.8293832298368216,0.8836726953741163,0.1380034200847149,0.3551971693523228,0.41415933705866337,0.7453485284931958,17.233795515358285
0.3965655511710793,0.929327184567228,0.6280389085877687,0.026974931126460433,0.6501793672796339,0.6311200589407235,0.8921824642457068,13.140789013316176
0.2774702808819711,0.9328726830426604,0.8989947044756263,0.598348961211741,0.7543429422657937,0.3707912515383214,0.5808675074949861,20.332337569492758
0.24750215280801058,0.791918320581317,0.8573516313917935,0.23090286762453616,0.8634222785476595,0.08174185710959136,0.6245689068455249,16.360326747617215
0.46930285822600126,0.30939028155989945,0.6714111063629389,0.1709890989586711,0.271326802438125,0.390448113437742,0.39235807838849723,7.749520277183773
0.3678773900028318,0.8664363394491374,0.8182841103989631,0.372393143363297,0.3453998533077538,0.43219233537092805,0.6676192583981901,16.554503443002215
0.03607532405294478,0.24759751139208674,0.2618984163273126,0.3272316874936223,0.07838795124553144,0.45523922448046505,0.25971348816528916,5.3778305077737985
0.6656316353473812,0.6549543442670256,0.5728036218788475,0.03032085462473333,0.6221048983279616,0.9908886929042637,0.9430585287045687,12.088019099317318
0.37304548593237996,0.025639213155955076,0.13954998389817774,0.3442425534594804,0.5901002264581621,0.056849167915061116,0.9620640396606177,9.247349576484579
0.6006546269636601,0.6867586181033403,0.6904096668586135,0.20914487494155765,0.5460445457138121,0.07540525565855205,0.3475659491959959,17.296594187170477
0.006690805545076728,0.5846443204209208,0.03872831119224429,0.5508951649535447,0.24230571161024272,0.09017943474464118,0.3355528605170548,11.748854380281696
0.712091583525762,0.9547201073728502,0.598040257114917,0.6604096619412303,0.6834679513704032,0.26247530174441636,0.33913887245580554,19.846146730221207
0.36201884550973773,0.8751647642347962,0.4119520119857043,0.3830196710769087,0.2550477625336498,0.07362432009540498,0.10589293064549565,13.291034620898769
0.8261705401819199,0.47048828075639904,0.28166799852624536,0.790167189668864,0.3174846253823489,0.16959773655980825,0.8168402223382145,19.419191479323732
0.26940711005590856,0.12468022224493325,0.8248644999694079,0.3948819830548018,0.49504864984191954,0.43431996018625796,0.6112666164990515,10.062627687021633
0.33001599018462,0.25360141159035265,0.5819404178764671,0.619482145877555,0.17054026294499636,0.9898390220478177,0.4788384784478694,7.6771532373618
0.013780166627839208,0.044278580229729414,0.5057272012345493,0.562605248298496,0.668256649048999,0.25329704233445227,0.8376283890102059,8.442216284533592
0.4143998655490577,0.6575039343442768,0.033351074904203415,0.004664091859012842,0.736338468035683,0.06779897469095886,0.6618104998487979,16.474272380527196
0.587377636693418,0.8640743838623166,0.33265989436767995,0.08209480135701597,0.215692896861583,0.45628125965595245,0.27316912543028593,11.523302564338161
0.1825434435158968,0.27406540396623313,0.6713722487911582,0.9348110617138445,0.471626483136788,0.1522651594132185,0.7058208780363202,13.345167704584684
0.5492847801651806,0.6366594766732305,0.8596371680032462,0.19743411522358656,0.038862618152052164,0.22004169318825006,0.946588585851714,14.862445962839315
0.14699561754241586,0.7432584802154452,0.9247403107583523,0.8771670062560588,0.09578186669386923,0.5304503182414919,0.5559316552244127,16.686872717524956
0.01860869093798101,0.3120278771966696,0.6064730824436992,0.4186777458526194,0.02845344180241227,0.7576882932335138,0.5082233201246709,3.263008540473975
0.8735715786460787,0.599774764617905,0.05065223528072238,0.0333175384439528,0.9077159801963717,0.6506165044847876,0.5723732705228031,19.435759271871827
0.7939051024150103,0.5049736427608877,0.07810958381742239,0.2356665269471705,0.9647740721702576,0.38304443121887743,0.5812910262029618,20.587149141701772
0.3143147735390812,0.7655088270548731,0.08339891512878239,0.8291110421996564,0.6558964971918613,0.20582266268320382,0.28215612238273025,21.28115238197104
0.41309940116479993,0.5821955357678235,0.8195011522620916,0.11896629119291902,0.24840199667960405,0.720249508973211,0.773912331322208,12.00333876505081
0.10472861723974347,0.35277662333101034,0.4037955740932375,0.508937320439145,0.1280627402011305,0.09005513414740562,0.5097189990337938,6.739802238530616
0.2657018029130995,0.31799409887753427,0.691019693389535,0.18658732459880412,0.5697883362881839,0.28837438323535025,0.12045909091830254,9.056105016649227
0.3090125503949821,0.9752987038809806,0.3655946026556194,0.29823589068837464,0.06623485963791609,0.15762022393755615,0.9292723843827844,11.906760865267577
0.5928321231622249,0.7174487377051264,0.855412901379168,0.8750053206458688,0.4917611184064299,0.4391920194029808,0.07713033678010106,23.436682468198928
0.9514736828859895,0.4623608053661883,0.16984979901462793,0.479607792571187,0.733566883020103,0.7073835786432028,0.9954361391719431,21.866329765295735
0.7698443436529487,0.04360051010735333,0.44477965333499014,0.25647025112994015,0.26371233025565743,0.8432361376471817,0.5174122829921544,5.539603760371594
0.7455989627633244,0.6621501899790019,0.1741317636333406,0.5083389992360026,0.762423537671566,0.46988371131010354,0.5327811832539737,21.77542197633811
0.7577733395155519,0.4646208400372416,0.785455935401842,0.48279156372882426,0.5267979078926146,0.3864572655875236,0.8057690144050866,18.170530855950723
0.40824885689653456,0.22982489271089435,0.5072534340433776,0.4497988037765026,0.4255405543372035,0.7017242163419724,0.3018615273758769,11.045778264571252
0.5103825798723847,0.32903338223695755,0.6036838695872575,0.38019766961224377,0.5656184896361083,0.08751080697402358,0.2647761774715036,11.785224015750966
0.9855557524133474,0.5777236097492278,0.5332191966008395,0.7906399795319885,0.8763282592408359,0.29049358679912984,0.31322937551885843,24.63556929720378
0.5789321751799434,0.4077201709151268,0.48846281482838094,0.9884967231191695,0.5336375897750258,0.946897555841133,0.7290692846290767,19.524201669997336
0.6091924281790853,0.8795768681447953,0.023630811367183924,0.5552733866497874,0.9200333293993026,0.7885444678831846,0.2473145208787173,24.19985831906724
0.11147665418684483,0.9649745831266046,0.134516014251858,0.09660906833596528,0.9020707178860903,0.9678185374941677,0.14715623459778726,11.637647227100771
0.6615233304910362,0.36451724893413484,0.27375118737109005,0.14355281135067344,0.11617138655856252,0.26803706446662545,0.03663465101271868,8.650608745009759
0.08884909097105265,0.5841199648566544,0.47713613882660866,0.2695369820576161,0.35712962108664215,0.5864652346353978,0.8415050334297121,5.948372149639345
0.6220399481244385,0.8858386436477304,0.42592642712406814,0.584813391091302,0.8284170001279563,0.780224904185161,0.29108392051421106,19.49774425984101
0.4438214688561857,0.8025628989562392,0.25625418522395194,0.16010619513690472,0.37938610184937716,0.5943938670679927,0.580656016478315,14.742227606896869
0.7537054866552353,0.09743798593990505,0.9355442300438881,0.9420174763072282,0.33146408293396235,0.24337425199337304,0.6408414400648326,17.684828849932284
0.321895852452144,0.04156396281905472,0.11229850095696747,0.4706385130994022,0.4330059054773301,0.00564577104523778,0.032272625248879194,9.810597735514298
0.9955095034092665,0.07798989373259246,0.30747007322497666,0.03018771391361952,0.9864562565926462,0.7838363817427307,0.8423064537346363,8.634873068176688
0.8509206993039697,0.5936660652514547,0.11104025086387992,0.5506997203920037,0.14927325071766973,0.942335645435378,0.9453587199095637,19.02918403270426
0.10993535025045276,0.13118698121979833,0.3818977037444711,0.19941012747585773,0.6039796869736165,0.39450196316465735,0.4191417375113815,3.9389088879084775
0.5811630242969841,0.4113021492958069,0.6342581938952208,0.4865996609441936,0.0052873240783810616,0.8435165106784552,0.27342590666376054,11.998654852583995
0.34154402557760477,0.9610302285291255,0.7486140422988683,0.9014891418628395,0.18479507439769804,0.7847084971144795,0.9354574892204255,20.86755273263862
0.12373717874288559,0.40189056494273245,0.8369797968771309,0.10790957324206829,0.35164369782432914,0.16057159332558513,0.2532884341198951,8.384475350960798
0.6385521916672587,0.653131203725934,0.34805969917215407,0.7742531169205904,0.2588509314227849,0.370136953657493,0.6520867820363492,19.810548447652316
0.08144586440175772,0.5770293036475778,0.43536387546919286,0.40126306167803705,0.9261175526771694,0.6598928114399314,0.6171884478535503,10.69537977679826
0.5251944104675204,0.5490550952963531,0.8699655828531832,0.31361144804395735,0.5760965440422297,0.07207164657302201,0.2975828575436026,17.29042241315095
0.8253361620008945,0.4944594881962985,0.7879097426775843,0.6605050140060484,0.25423365482129157,0.5598814969416708,0.30014088028110564,18.67104160753291
0.11834357492625713,0.5573084205389023,0.8382815562654287,0.5260307795833796,0.22022857726551592,0.937255889410153,0.08871170924976468,11.729946020528374
0.8976639087777585,0.4644297508057207,0.9575483018998057,0.6824809494428337,0.017903421306982636,0.2698183204047382,0.36103206244297326,20.01286709362504
0.13768442231230438,0.3799806435126811,0.25036604213528335,0.44113404653035104,0.13685635570436716,0.1801455153618008,0.1636835194658488,7.282753067519448
0.9318886087276042,0.7555281426757574,0.6629165173508227,0.8986521051265299,0.8847816379275173,0.2634322913363576,0.1739200227893889,22.328325699988863
0.5742977617774159,0.6948259291239083,0.9134428580291569,0.9190971576608717,0.802757409401238,0.05646055284887552,0.22089665289968252,26.03651188634296
0.37149290554225445,0.6117738352622837,0.4312433274462819,0.9039276372641325,0.07774936128407717,0.6956221028231084,0.3326328338589519,16.649872162114008
0.7845919164828956,0.8170454041101038,0.472158171935007,0.2288808471057564,0.038958423072472215,0.33208298892714083,0.534260815475136,11.919237895431376
0.262986752204597,0.011669488390907645,0.3466243385337293,0.4108330109156668,0.934788754908368,0.7935683701653033,0.02124623442068696,8.880590463106506
0.5308589632622898,0.6928433547727764,0.8061835444532335,0.49877777765505016,0.18193356995470822,0.9636848492082208,0.8158719504717737,16.311953692161573
0.5008316596504301,0.41685188352130353,0.8248619418591261,0.6341945661697537,0.3901436922606081,0.13261362188495696,0.9769073917996138,15.457758642149289
0.7418538080528378,0.17128900927491486,0.8256893954239786,0.8341616669204086,0.8448204705491662,0.3070607732515782,0.9639103189110756,17.073318309845593
0.7018017375376076,0.7801032364368439,0.5812730398029089,0.3228033573832363,0.3672646237537265,0.23825310030952096,0.8283884024713188,13.230169271812011
0.362757068593055,0.5521394319366664,0.7741684296634048,0.8742540685925633,0.8822916662320495,0.9085394139401615,0.17730137123726308,21.593858110615038
0.5785586950369179,0.29610123042948544,0.9089375771582127,0.667999537428841,0.5820315568707883,0.8558942785020918,0.47146726585924625,17.690271839969782
0.33681370643898845,0.22222051583230495,0.6880076178349555,0.27638370473869145,0.1071109720505774,0.29328660550527275,0.15047434601001441,7.06892971444694
0.17546987161040306,0.9678716976195574,0.6795124001801014,0.8320646279025823,0.27760453918017447,0.7493618349544704,0.14408771065063775,15.900891691945294
0.2607266395352781,0.33609862835146487,0.9367061457596719,0.25949889328330755,0.8733566703740507,0.11345072952099144,0.5488708748016506,14.620949097815155
0.18579559796489775,0.825522000901401,0.7692483610007912,0.9245309648104012,0.8857346626464278,0.8187470210250467,0.8074368142988533,20.30368282734989
0.9547780647408217,0.5832288973033428,0.6103517962619662,0.9876905414275825,0.05188113730400801,0.4926696550101042,0.8007255161646754,19.587079690804533
0.4892847721930593,0.9086385366972536,0.3964564111083746,0.13335417257621884,0.21796871651895344,0.2003558229189366,0.7171789067797363,12.802961118462424
0.6146088405512273,0.4216466473881155,0.12632417073473334,0.9669895388651639,0.15399295231327415,0.28146526124328375,0.384785313392058,18.847475505838688
0.1134952122811228,0.15608646906912327,0.57530845887959,0.41492335009388626,0.6054284984711558,0.3413641059305519,0.28274635737761855,7.237551647535061
0.49020920135080814,0.4683239893056452,0.5702082973439246,0.25370403309352696,0.07360954536125064,0.846750061493367,0.3374101775698364,9.607372984456548
0.13872714643366635,0.8685179762542248,0.13519493956118822,0.2844538458157331,0.9015025938861072,0.28374486742541194,0.8796092276461422,14.078377840367757
0.8423396158032119,0.1317182844504714,0.6504826329182833,0.049921516329050064,0.712403031764552,0.7387737531680614,0.6584226198028773,6.671247973043493
0.7720684790983796,0.08759780088439584,0.5786020194645971,0.7325462494045496,0.4626331110484898,0.8456094739958644,0.567044363822788,10.997559056065557
0.679266658378765,0.6284016703721136,0.16933660418726504,0.8081169952638447,0.8982836597133428,0.014261429896578193,0.20956810051575303,24.098886010871418
0.9284999466035515,0.8321218846831471,0.08464761637151241,0.8771283160895109,0.8890113600064069,0.989147863117978,0.08300292445346713,22.983840300923383
0.014045203337445855,0.46986777568235993,0.7520481364335865,0.7511037862859666,0.9915878497995436,0.6229737992398441,0.4315470310393721,11.878082601066682
0.3137074320111424,0.5786771958228201,0.29553178837522864,0.2064782257657498,0.06220016721636057,0.1025371237192303,0.9646340790204704,8.309663924936197
0.3280305208172649,0.8126090366858989,0.2157867574132979,0.9536343277432024,0.43068719329312444,0.009528403636068106,0.11361865745857358,18.79508856271128
0.538436135975644,0.45961396070197225,0.58310332801193,0.8652453531976789,0.7782499596942216,0.5721480373758823,0.7482182832900435,19.242450997219912
0.9533915496431291,0.6030157376080751,0.412908517755568,0.965864130994305,0.49654523096978664,0.9811152063775808,0.2869496578350663,23.685791227177482
0.5665847279597074,0.7437375399749726,0.7015458941459656,0.35584972938522696,0.5100006402935833,0.0371334059163928,0.30508429394103587,16.806754771471073
0.6023883519228548,0.21949175978079438,0.7277292327489704,0.11646538972854614,0.2733178650960326,0.03641894948668778,0.7900970133487135,7.618936771804648
0.5613993871957064,0.6644259016029537,0.6703687969129533,0.3644508086144924,0.5485586328431964,0.7260384261608124,0.08164979121647775,14.910493233775036
0.09187920042313635,0.332026767777279,0.7100197807885706,0.778860823251307,0.5521455421112478,0.028055571019649506,0.06830485933460295,11.5208456667059
0.29120058938860893,0.4623079092707485,0.7204756480641663,0.14213121286593378,0.8912471015937626,0.8306336770765483,0.036653979448601604,10.545304802940919
0.26142002223059535,0.6446943902410567,0.4306050587911159,0.42787181166931987,0.15164355747401714,0.6093212706036866,0.9577320194803178,11.603583562666815
0.15400229417718947,0.34903914388269186,0.4242301641497761,0.16753905382938683,0.20826983405277133,0.18674464873038232,0.23522258992306888,5.432602583581299
0.45486032753251493,0.18429375952109694,0.8890378198120743,0.6600563845131546,0.6587338945828378,0.832377226324752,0.9553158490452915,14.973200747521362
0.6431077367160469,0.8662821361795068,0.9546275055035949,0.35366867925040424,0.8453698174562305,0.7821371559984982,0.7008774760179222,21.472117811170726
0.4943146542645991,0.4122114675119519,0.25127656385302544,0.6027287130709738,0.46248899353668094,0.022118398221209645,0.6233383528888226,14.449226054437707
0.2186772048007697,0.06134485988877714,0.2189175363164395,0.931185768917203,0.8417231463827193,0.020498487865552306,0.0026405868120491505,15.101076630767203
0.5963586852885783,0.5524095899891108,0.9616580158472061,0.08021308574825525,0.5939328146632761,0.08554364764131606,0.2757794999051839,16.188967173168976
0.47903684829361737,0.19279687711969018,0.032534638652577996,0.4293393592815846,0.5843221170362085,0.20131566794589162,0.3050491239409894,12.929173158816166
0.983679574681446,0.6594289680942893,0.804801189340651,0.14084416395053267,0.2746011030394584,0.19257453666068614,0.3353540445677936,13.897808228030586
0.17897334066219628,0.9479817647952586,0.17281446838751435,0.9460828439332545,0.7830667372327298,0.5086792227812111,0.596385360462591,21.835457677428092
0.7505088404286653,0.1832631966099143,0.733960424317047,0.6612625776324421,0.4330990498419851,0.2871327849570662,0.6802601770032197,14.334057776018259
0.6054443556349725,0.0524012572132051,0.04330067872069776,0.20539003075100482,0.551890833536163,0.29549170937389135,0.7801054683513939,9.883834614958852
0.14254253031685948,0.865964411990717,0.29733090987429023,0.008376114768907428,0.6843320808839053,0.7995916621293873,0.9279471326153725,7.997260770851641
0.7776914059650153,0.12276335246860981,0.7952323027420789,0.6773633635602891,0.4228362231515348,0.022329539991915226,0.9568449314683676,12.608564008219812
0.9728275728411973,0.3268100102432072,0.18346798000857234,0.31990044680424035,0.4261174453422427,0.320670235902071,0.09097115322947502,16.79264668573703
0.8107494614087045,0.6620901434216648,0.6389554108027369,0.009804630652070045,0.7063721106387675,0.610471747117117,0.9447248552460223,12.45488731589615
0.9870562949217856,0.2053881746251136,0.18501365487463772,0.9635154467541724,0.28210709313862026,0.536981426179409,0.6063372548669577,17.31860941852598
0.4466270951088518,0.2066061762161553,0.6017379374243319,0.2802552527282387,0.3784453186672181,0.751976266503334,0.07018703105859458,7.904136069597069
0.0030520509462803602,0.3470127456821501,0.015285728266462684,0.7924496023915708,0.012325587449595332,0.7276943323668092,0.04008771129883826,13.274951097736647
0.5135522230993956,0.36051388923078775,0.388938284246251,0.81725511001423,0.22128356294706464,0.9377561323344707,0.9030193376820534,15.200982433609575
0.05777679546736181,0.9416603823192418,0.6087213321588933,0.564711764222011,0.7009908487088978,0.8427065904252231,0.11223391606472433,12.433442062090302
0.9339006708469242,0.8840520705562085,0.7654639531392604,0.6031789022963494,0.6518191476352513,0.22675862070173025,0.7739941007457674,16.12854181178463
0.7401690210681409,0.08602830953896046,0.8614975030068308,0.1772855066228658,0.31304051890037954,0.5934305940754712,0.8443788916338235,8.8864076319688
0.31135826860554516,0.20424854382872581,0.2107154738623649,0.6278673449996859,0.3607165685389191,0.32062710099853575,0.7348283305764198,12.09900533832423
0.8177736508660018,0.2913179623428732,0.1148397431243211,0.4507972637657076,0.5678469156846404,0.15410848939791322,0.8663682953920215,16.777356114136108
0.7342153855133802,0.0403585082385689,0.774314260808751,0.1422273141797632,0.31748887966386974,0.19602473778650165,0.16087564709596336,6.482858160017074
0.17406528815627098,0.9334141772706062,0.8634929216932505,0.5607331320643425,0.8224727711640298,0.4093195917084813,0.20097529306076467,16.7241762391177
0.33204461145214736,0.0179527485743165,0.12185803335160017,0.4817747394554317,0.7814426077529788,0.41947567905299366,0.4741869824938476,11.479595190481511
0.6644696469884366,0.2452808429952711,0.948730434756726,0.4345637056976557,0.0534876836463809,0.15801152400672436,0.9050492881797254,13.590464261848748
0.9749600463546813,0.5647189470473677,0.18736501946114004,0.35931493109092116,0.43835035897791386,0.5368176219053566,0.5059525417163968,17.97216426042601
0.403394668828696,0.3602730971761048,0.8095253594219685,0.36866632546298206,0.41719102137722075,0.8449504268355668,0.763434867374599,12.053565006875866
0.5691286094952375,0.35057584289461374,0.2466804280411452,0.3321167239919305,0.8465959799941629,0.36213140888139606,0.5280248622875661,13.671344219154953
0.802262581884861,0.282390191918239,0.7812911840155721,0.6620702429208905,0.9749596212059259,0.44107168377377093,0.5062320155557245,19.4152045506107
0.44886596547439694,0.3820240448694676,0.3561531014274806,0.5616958930622786,0.5426151021383703,0.9663278479129076,0.11792605160735548,13.236791813864366
0.249823096441105,0.9012500173412263,0.8638173532672226,0.10179822309873998,0.30048589571379125,0.7474092354532331,0.3059165433514863,10.583383243475225
0.007254174444824457,0.8907357070129365,0.8341281935572624,0.35283192549832165,0.2147400074172765,0.34041243395768106,0.7145225363783538,7.326597184169952
0.42030903534032404,0.9918563547544181,0.757414907682687,0.39717877306975424,0.2777554781641811,0.37772533670067787,0.15745195443741977,14.12876056726114
0.21961496397852898,0.34394998918287456,0.05910438601858914,0.8346859053708613,0.8500747969374061,0.3160039365757257,0.6882604125421494,18.593752152125685
0.41829270496964455,0.7559541799128056,0.8289460628293455,0.5011354209855199,0.5699204311240464,0.2647425967734307,0.8140130247920752,19.986540080717
0.6812334486749023,0.0038831087294965982,0.2882323295343667,0.43653684691525996,0.021657595178112388,0.007553894771263003,0.9220632067881525,4.4284933124826225
0.6382355075329542,0.6540389938745648,0.8925396855920553,0.9982815401162952,0.4762436922173947,0.7790870058815926,0.5551988608203828,26.477443556273144
0.3510975658427924,0.1212092253845185,0.7023405428044498,0.568178805988282,0.14469931297935545,0.9373643153812736,0.6738395208958536,7.880767522255214
0.3070931010879576,0.06569505645893514,0.4455236664507538,0.4537744144909084,0.18849596404470503,0.7928567898925394,0.5148451661225408,6.119238328635325
0.2972174596507102,0.9203292953316122,0.8663599810097367,0.8765560567844659,0.6696978060062975,0.10510362358763814,0.9507748505566269,22.706922278575753
0.7787389250006527,0.1062753307633102,0.8804601940792054,0.35541212768293917,0.5716883318964392,0.8851498768199235,0.6897549829445779,12.607939262938336
0.48917795391753316,0.012126771733164787,0.5730512153822929,0.7603045215364546,0.9813974238932133,0.9576572456862777,0.3973322897218168,13.210440648330176
0.31002852763049304,0.19956417940557003,0.7277184412814677,0.804506721906364,0.8994156830012798,0.814805757952854,0.37439278699457645,13.764447838179183
0.1698072247672826,0.5412449480500072,0.976912138517946,0.8716329208109528,0.24463188089430332,0.49642093828879297,0.9804306044243276,15.97042561858754
0.34214484319090843,0.9921037142630666,0.11241672234609723,0.34678287291899323,0.8309685089625418,0.3705613096244633,0.9893708580639213,20.05742915136434
0.41098306817002594,0.3407192802987993,0.9438514336943626,0.28745769825764,0.22235406236723065,0.6540584245231003,0.09791438328102231,12.868251684404923
0.20095156552270055,0.06727778213098645,0.8368197353556752,0.29045452550053596,0.6632920175325125,0.42717345152050257,0.26245865458622575,8.499427696813948
0.30627961037680507,0.48162888968363404,0.4835508952382952,0.299925102153793,0.6778697441332042,0.6123646516352892,0.7864850852638483,10.929992604288891
0.7330592055805027,0.9071482988074422,0.14371394156478345,0.9109843319747597,0.2142496812157333,0.42716713692061603,0.9675182204227895,20.465557905321678
0.6213131181430072,0.07204630342312157,0.2846935875713825,0.07541588856838644,0.7894374132156372,0.7281932949554175,0.9732504575513303,7.534108657655166
0.6690639320295304,0.08861157367937267,0.35925658280029893,0.7577234986238182,0.34267178550362587,0.9876003472600132,0.629379395628348,9.665057564263993
0.09759128093719482,0.1559793867636472,0.012505993945524096,0.2781540488358587,0.036675467155873775,0.6526087971869856,0.34778262372128665,7.911149738739865
0.7387187553104013,0.4545337874442339,0.8930779683869332,0.9224486595485359,0.2666945287492126,0.40641113836318254,0.9128997961524874,22.249558672422364
0.9882205864414573,0.76077900105156,0.591957023832947,0.16858762549236417,0.8904580196831375,0.3697321624495089,0.7729124359320849,13.583336286789246
0.45826144330203533,0.15592618100345135,0.9143805333878845,0.7282356810756028,0.8188469985034317,0.049246288603171706,0.9784166919998825,16.99999903333148
0.9623712913598865,0.8472025925293565,0.24743375973775983,0.37868593726307154,0.6519161395262927,0.9273836554493755,0.7116194164846092,11.80960989982144
0.602441830560565,0.5233104592189193,0.39288448891602457,0.8929950585588813,0.03116952464915812,0.973698160611093,0.6801529317162931,17.30252864292722
0.7796018905937672,0.772050263825804,0.8893944756127894,0.12366797239519656,0.2432102165184915,0.7957694358192384,0.8067036822903901,14.504316307273218
0.21388431591913104,0.349129926180467,0.7856370790395886,0.716758982045576,0.6529689934104681,0.9306245916523039,0.28812204976566136,13.634267149660657
0.505437932908535,0.7491640360094607,0.5876941427122802,0.6898912840988487,0.6896747497376055,0.0066936693619936705,0.8764164343010634,18.381451325845518
0.9825138403102756,0.9384476209525019,0.8605917019303888,0.9966804622672498,0.29696852155029774,0.42269839090295136,0.8596927721519023,15.809593663976296
0.12963714939542115,0.2337174154818058,0.5097408182919025,0.4814112854655832,0.3163348324596882,0.4852368321735412,0.8102859493810683,11.012204678898545
0.4476066690403968,0.35202945373021066,0.14461557916365564,0.8846425362862647,0.48730980372056365,0.16466331970877945,0.860655683092773,18.900776625805275
0.889215694507584,0.8226984115317464,0.4356751530431211,0.4354179282672703,0.8986294383648783,0.666400789283216,0.0969140725210309,14.933089723150138
0.13541181664913893,0.30825869902037084,0.7690316459629685,0.892257121624425,0.6164119264576584,0.6378620599862188,0.404845587676391,13.841736958628049
0.6209018304944038,0.453580315457657,0.7234687635209411,0.7404128897469491,0.8871564231812954,0.8137261536903679,0.9216053423006088,19.558430173075084
0.7774729107040912,0.21833613724447787,0.03191086882725358,0.9834768252912909,0.2440707643982023,0.66525500244461,0.11318794428370893,19.473966022747778
0.3521113700699061,0.4335832712240517,0.3898082608357072,0.8528684368357062,0.9361740332096815,0.6565113142132759,0.0805759159848094,18.90354375039844
0.30872195586562157,0.4531485754996538,0.578466757433489,0.7410964749287814,0.6468658612575382,0.5661877251695842,0.09123065858148038,14.05686979080711
0.658571845619008,0.9334524415899068,0.6255208975635469,0.937302625272423,0.07150201685726643,0.4650912384968251,0.6516742971725762,21.75248185955295
0.6287055099382997,0.22268220223486423,0.8444402331952006,0.6396601672749966,0.33518716087564826,0.09332338720560074,0.43010289827361703,13.748386693810112
0.9854041992221028,0.7814628505147994,0.40991096175275743,0.7567623378708959,0.6479508671909571,0.10916221956722438,0.5076643889769912,19.053397898445226
0.37952711316756904,0.9483490632846951,0.2852885245811194,0.7375482046045363,0.4606490768492222,0.6859232827555388,0.0036933887749910355,20.26475530944879
0.9226812550332397,0.08619046048261225,0.7031464944593608,0.4353153489064425,0.33048058417625725,0.7361875963397324,0.379104720428586,7.9632732232396854
0.16408083122223616,0.9668812504969537,0.3284856481477618,0.7558202496729791,0.6332179007586092,0.7840458767022938,0.13340083789080381,14.873120111023308
0.9834252628497779,0.24732284620404243,0.8378036271315068,0.5456381672993302,0.03990947687998414,0.5592944847885519,0.21326712449081242,13.846020665453803
0.5526932924985886,0.9292638523038477,0.8139233782421798,0.8882500673644245,0.6038224031217396,0.3662751764059067,0.38060543523170054,23.103549544554312
0.15480522625148296,0.2521674532908946,0.9060937319882214,0.7288141255266964,0.934165395097807,0.893503391649574,0.5452227655332536,16.735548219872854
0.9257568314205855,0.8207477433606982,0.9147608000785112,0.5862584055867046,0.4125683894380927,0.5149717282038182,0.8828303040936589,20.072941553153964
0.3977963593788445,0.7609999838750809,0.9501348773483187,0.14038288895972073,0.2700345499906689,0.15547142806462944,0.26495829364284873,16.00543475456176
0.06799203716218472,0.34333874681033194,0.7467337048146874,0.5850071259774268,0.9399038832634687,0.1440431117080152,0.43837134493514895,11.71230125116781
0.062204098561778665,0.49631396238692105,0.8115515131503344,0.7344817186240107,0.014137222664430737,0.9800729034468532,0.9928769504185766,11.433108372241891
0.9007768556475639,0.9973978202324361,0.7743960728403181,0.7602902322541922,0.059080063831061125,0.28904821164906025,0.24290894414298236,13.61835340440478
0.31878706184215844,0.043387803714722395,0.4463170797098428,0.723263323539868,0.1748509465251118,0.08835794264450669,0.18992040469311178,8.370181182069606
0.37693599867634475,0.5753743043169379,0.5723124947398901,0.3255609970074147,0.4787030618172139,0.8934998570475727,0.12962833256460726,12.944586177593882
0.22555229999125004,0.44634367269463837,0.5511882326100022,0.03971607144922018,0.695930128917098,0.7681259133387357,0.2791445155162364,6.91293447226865
0.8020827209111303,0.8915678113698959,0.166767873801291,0.514575534965843,0.8616541544906795,0.8283097287639976,0.6627007799688727,19.940697249856786
0.10906168655492365,0.863900248426944,0.7539780654478818,0.39009519410319626,0.5161997333634645,0.6104855104349554,0.7719743121415377,9.695874265120137
0.7021097417455167,0.24553690198808908,0.9587251280900091,0.926315254997462,0.5630414593033493,0.9313142059836537,0.01733280112966895,21.019062026807003
0.13606465375050902,0.7779241506941617,0.48723570141009986,0.15116628841497004,0.5570010317023844,0.8664743017870933,0.3838078365661204,8.405853913837865
0.6958448018413037,0.9268454806879163,0.433608551742509,0.9599534720182419,0.07964273449033499,0.740343882702291,0.3416157132014632,20.580438879177056
0.9813821644056588,0.025509930215775967,0.37440638430416584,0.8339245521929115,0.015702931908890605,0.1673406946938485,0.39643978513777256,9.94740480839063
0.8689067359082401,0.70109679014422,0.30208350508473814,0.30114546278491616,0.22002033260650933,0.9733959685545415,0.7556928060948849,15.827397578845297
0.9313279544003308,0.7203715881332755,0.6814569074194878,0.46148361545056105,0.33561947220005095,0.08802136336453259,0.7064237247686833,17.817391130668195
0.1907011503353715,0.6760781574994326,0.6884129757527262,0.38844278850592673,0.33277331315912306,0.4323034903500229,0.7948904260993004,9.036679915265022
0.7990982518531382,0.8130229925736785,0.1711560224648565,0.19904011115431786,0.7378856805153191,0.9178721681237221,0.38107243878766894,15.205346726791328
0.33970506908372045,0.9060877524316311,0.6316547091118991,0.833694432163611,0.15998357883654535,0.447944400832057,0.18191693001426756,18.12821364623948
0.2746852526906878,0.4372143701184541,0.5256603588350117,0.5717638251371682,0.827200228581205,0.6725222177337855,0.9149513898883015,14.791078408010824
0.9936232918407768,0.20027435710653663,0.06966910092160106,0.3148727435618639,0.01669159554876387,0.9838907707016915,0.6958174624014646,12.92251384853628
0.08877809601835907,0.9853481913451105,0.3960947380401194,0.2863364163786173,0.046013614162802696,0.508076581871137,0.28088679094798863,4.231106142009219
0.20250624464824796,0.28810532251372933,0.034044090192765,0.6767849421594292,0.6463977047242224,0.07210211968049407,0.5617401383351535,16.81283476545076
0.05135766975581646,0.46723426482640207,0.6903620543889701,0.42971662036143243,0.6965339318849146,0.6203149619977921,0.41842630645260215,9.255017341956073
0.2655012395698577,0.2646572506055236,0.20388479274697602,0.548624366754666,0.16761437966488302,0.5220756123308092,0.3042828203178942,9.65021851454667
0.5225831749849021,0.11045340774580836,0.2644222762901336,0.5536860830616206,0.5827290727756917,0.43017024430446327,0.46911258227191865,11.90223969497691
0.3751249867491424,0.40692898421548307,0.14965523034334183,0.12604579399339855,0.6947073545306921,0.2097156522795558,0.1992396079003811,10.825905134809943
0.8833514144644141,0.48909765388816595,0.296996088931337,0.39171203738078475,0.11375112901441753,0.012504604645073414,0.6886850560549647,13.761888944365388
0.8998663092497736,0.1401477623730898,0.24168471829034388,0.19335872191004455,0.5872628015931696,0.26368524553254247,0.3487431537359953,11.118904343864328
0.522321255877614,0.3267832021228969,0.9178460235707462,0.15687797451391816,0.1966029405593872,0.0757830326911062,0.0630894114729017,11.234726671343683
0.8389527928084135,0.7294127666391432,0.7497929523233324,0.38324739574454725,0.707121888641268,0.1799716150853783,0.6992229868192226,18.65508693818458
0.9327672710642219,0.993911434430629,0.03598822792991996,0.7379435626789927,0.37714197719469666,0.11725687375292182,0.670151160331443,16.7933758019457
0.9838416480924934,0.2028518640436232,0.9475270486436784,0.4265608857385814,0.5306208070833236,0.49996906192973256,0.12979696155525744,17.556996175301123
0.8215528097935021,0.07339381333440542,0.03882539412006736,0.6680153680499643,0.051955755334347486,0.6254046657122672,0.48254393716342747,12.571760465994924
0.2523403908126056,0.6950038836803287,0.8168464454356581,0.5399010602850467,0.22371674934402108,0.8187650877516717,0.3725372441112995,13.131303446934789
0.5423966406378895,0.562868139706552,0.6245899589266628,0.9297292241826653,0.9981963981408626,0.32208573911339045,0.6329974778927863,21.633969362475476
0.3951625586487353,0.9145439048297703,0.43132123770192266,0.05424126680009067,0.37928076344542205,0.7890200812835246,0.04809727496467531,12.73875589219645
0.8735931348055601,0.38688768772408366,0.2047031542751938,0.03689106251113117,0.866254884051159,0.7813692714553326,0.7277285405434668,15.329938045729246
0.5138622226659209,0.9463437895756215,0.525801207171753,0.7697815301362425,0.17607339564710855,0.0947420229203999,0.9907409553416073,19.768040147076885
0.6872606643009931,0.40444072568789124,0.7850128069985658,0.8553963792510331,0.9744683334138244,0.06152502098120749,0.6691528439987451,23.828724339042942
0.03999646310694516,0.4192164202686399,0.5768914020154625,0.30084774806164205,0.4894325155764818,0.5642576299142092,0.8750547871459275,5.5377461392431435
0.2453997430857271,0.406518638599664,0.6476189685054123,0.9485293941106647,0.45464812801219523,0.018060775008052588,0.12307142838835716,15.228300821622947
0.3671433583367616,0.5184177842456847,0.9906878606416285,0.4351475553121418,0.3392692427150905,0.47312536323443055,0.6672869944013655,16.08473540192448
0.0895538495387882,0.5257111461833119,0.9840658460743725,0.9886955933179706,0.932248521829024,0.5593780647031963,0.33518826542422175,19.29366136663094
0.11939734686166048,0.26436256617307663,0.28323451383039355,0.8276486827526242,0.6912828269414604,0.8893732891883701,0.5162789481692016,12.245577334362626
0.7182180683594197,0.9316242386121303,0.3180723963305354,0.6370328313205391,0.9945162939839065,0.4457457968965173,0.9259886078070849,22.087011616122574
0.3706024216953665,0.7542998900171369,0.1888196961954236,0.2987846056930721,0.7468461017124355,0.9599980479106307,0.3462859131395817,15.716059679541429
0.6147373267449439,0.42283555190078914,0.34793849335983396,0.07025177706964314,0.7136269500479102,0.039767221780493855,0.8335897435899824,12.38605181511429
0.6605207172688097,0.1556438512634486,0.38858990417793393,0.9531056405976415,0.5508982685860246,0.8769800162408501,0.02416146593168378,16.544553756127343
0.5180753523018211,0.4774928444530815,0.8986175432801247,0.8347178641706705,0.262287390884012,0.6766293828841299,0.8632002731319517,19.989789531715786
0.2573919976130128,0.6762217080686241,0.7887884567026049,0.8583860325161368,0.9769753480795771,0.2927025994285941,0.05981098581105471,19.43890516997966
0.9166313726454973,0.6258490323089063,0.368964534252882,0.26148432958871126,0.7543794924858958,0.22612258116714656,0.32714367914013565,16.460686089231178
0.48912511579692364,0.06296791252680123,0.6952730342745781,0.6261407490819693,0.23222508397884667,0.742721751332283,0.2843584131915122,10.092804498249093
0.842713600024581,0.15781652205623686,0.9930928098037839,0.8592416015453637,0.05383682739920914,0.7500778089743108,0.35629773628897965,17.81966751784589
0.5551462408620864,0.10337830963544548,0.6912761337589473,0.9663015708792955,0.9698113389313221,0.3522271236870438,0.6522520203143358,15.441729895584876
0.9015974651556462,0.7395782116800547,0.2931124565657228,0.6633950474206358,0.18379320832900703,0.21555251418612897,0.5595976386684924,16.026005601314793
0.5790280001237988,0.13905430911108851,0.07062020502053201,0.2445251743774861,0.16656843316741288,0.691726935794577,0.23808527481742203,9.27494278054184
0.18801174988038838,0.9810124726500362,0.13064791657961905,0.46158241177909076,0.3606247394345701,0.10209872759878635,0.2380771276075393,14.529280624739103
0.010732447961345315,0.8370143377687782,0.9694559418130666,0.7095827094744891,0.7660764914471656,0.8375784161034971,0.8246511018369347,15.221124581801924
0.5665348919574171,0.5377103390637785,0.5785570160951465,0.299945859471336,0.28744137729518116,0.16984181944280863,0.22967554978094995,12.735008068905378
0.8386890713591129,0.8760197404772043,0.3901178662199527,0.8640631295274943,0.547628496075049,0.14669822924770415,0.8165782587602735,19.770026822429475
0.1556009235791862,0.9924481955822557,0.17871273774653673,0.04237441811710596,0.760548627236858,0.9374952425714582,0.3316640267148614,10.408025106339727
0.5196389928460121,0.026332892943173647,0.9916754125151783,0.048546938225626945,0.6160744074732065,0.1873444572556764,0.15205396828241646,8.813462534998793
0.7854498759843409,0.651810345472768,0.17336154216900468,0.7366017741151154,0.14843102428130805,0.8895241762511432,0.7835191646590829,20.429673241024094
0.2447073303628713,0.6435484539251775,0.7749823050107807,0.20529071358032525,0.5961181644815952,0.1623013191856444,0.5553344753570855,12.367752327930951
0.8441398637369275,0.616977330762893,0.02986224857158959,0.8053560671396554,0.9740790128707886,0.2414559640455991,0.2672429336234927,27.089374678021148
0.6411690472159535,0.3609561841003597,0.5564040835015476,0.9096279058139771,0.4281228200998157,0.6618586883414537,0.03603876125998795,18.941698945224555
0.6346844327636063,0.7596559384837747,0.811080415500328,0.8766904817894101,0.32275219028815627,0.1504646975081414,0.16537884972058237,21.93650232261431
0.6724579187575728,0.5417050044052303,0.8556860203389078,0.36552786151878536,0.6913007106631994,0.6360099634621292,0.432183233788237,17.578813613252176
0.13081511249765754,0.8873245909344405,0.456623723031953,0.2705436893738806,0.13512277137488127,0.7681194085162133,0.2867382625117898,7.832169188954524
0.29934262530878186,0.05849327682517469,0.843110101763159,0.27699616039171815,0.3511832277290523,0.05651850742287934,0.03848682180978358,8.787032184414741
0.44508061022497714,0.8689298117533326,0.9366384982131422,0.8519388327840716,0.436152720823884,0.6984662967734039,0.8282226244919002,23.110526113123328
0.30464976467192173,0.10472586425021291,0.5127611898351461,0.3128619804047048,0.51954948855564,0.8976098380517215,0.1552650814410299,6.7376152045142
0.7140995906665921,0.16629937780089676,0.4304854173678905,0.04011445422656834,0.6377361351624131,0.23249084618873894,0.5057940923143178,6.096041839457458
0.37051783804781735,0.1748397797346115,0.9371937066316605,0.4937160194385797,0.3136896437499672,0.6340900897048414,0.049304048297926784,12.59546397409392
0.9169770572334528,0.7977832818869501,0.5142718781717122,0.2828251891769469,0.17288920958526433,0.3112680655904114,0.35728932707570493,10.70960236762501
0.3795068592298776,0.8544217012822628,0.4732917291112244,0.3253232731949538,0.3858271206263453,0.12169164372608066,0.36941286735236645,13.252781333206201
0.08426902326755226,0.7128301376942545,0.13618398434482515,0.1770972751546651,0.0593429661821574,0.25108590186573565,0.9718009720090777,6.1175831986086875
0.6739102571737021,0.28568335343152285,0.14900814881548285,0.7378534409217536,0.33509743493050337,0.6267777807079256,0.1263170309830457,16.311313857350463
0.21058650803752244,0.35921388561837375,0.6932441629469395,0.7225977093912661,0.41848702426068485,0.5790131140965968,0.3494732319377363,12.093737247135222
0.0008038775995373726,0.1716989455744624,0.4846003579441458,0.9530712927225977,0.7404735148884356,0.6176755593623966,0.007432984886690974,13.055079302927233
0.7576566529460251,0.7764114963356405,0.20309773297049105,0.7226834846660495,0.7271838332526386,0.6910589716862887,0.09115649503655732,21.455401606872122
0.6772400620393455,0.23534178431145847,0.30736654228530824,0.6491228013765067,0.04588384157977998,0.2833461423870176,0.03948377980850637,10.890281327515135
0.9098893548361957,0.5188304013572633,0.9515592094976455,0.026884305523708463,0.8526665042154491,0.42364184954203665,0.8269105069339275,20.026111143171246
0.26436323672533035,0.2586939486209303,0.23245435976423323,0.8667179262265563,0.8755718085449189,0.3985927742905915,0.41144076408818364,16.88879053012202
0.7448962612543255,0.37193735875189304,0.21617786353453994,0.3631973280571401,0.5678940194193274,0.47899289964698255,0.6058170225005597,15.264354945484145
0.8913683874998242,0.5717207132838666,0.6097949943505228,0.7072671239729971,0.0818683123216033,0.6842142092064023,0.09251810656860471,17.315161418111842
0.7043143559712917,0.012046248186379671,0.058673918480053544,0.8153338942211121,0.9934936396311969,0.9094246383756399,0.47620346397161484,16.653819219963555
0.07826374657452106,0.4635043479502201,0.5478908489458263,0.1607868333812803,0.03743634279817343,0.06652797874994576,0.22788575780577958,2.3539991719314584
0.6482759246136993,0.827045421814546,0.14368902472779155,0.7128240228630602,0.11251608747988939,0.8759140663314611,0.8627914187964052,20.69513715322452
0.2448183665983379,0.48483435064554214,0.2935157069005072,0.4240229642018676,0.548035386018455,0.6655850880779326,0.07875377731397748,10.61942140368553
0.4248953543137759,0.7511939252726734,0.7290073053445667,0.7431804370135069,0.6000802421476692,0.5834825101774186,0.3352596485055983,19.57765106437331
0.0349131696857512,0.5523994436953217,0.4745935427490622,0.04850356467068195,0.9532773192040622,0.14939534408040345,0.8688700809143484,5.597962206668296
0.8241386676672846,0.36398790194652975,0.09516003471799195,0.7133985396940261,0.6466595274396241,0.2521796301007271,0.13579896767623723,22.24425060836621
0.8808135814033449,0.9951216310728341,0.5970040161628276,0.4231655993498862,0.2595280413515866,0.8092599920928478,0.5940893499646336,10.69034651571965
0.4756941432133317,0.6287956314627081,0.8969108508899808,0.022157519357278943,0.5708515974693,0.6752797304652631,0.8677507461979985,15.979312805092764
0.2224676578771323,0.4724092907272279,0.49433223344385624,0.3753761244006455,0.6921092357952148,0.417804560624063,0.4956856509670615,11.229781770702662
0.770032862201333,0.4646962946280837,0.9639759217388928,0.3962600966915488,0.5551516104023904,0.09771262877620757,0.15361156966537237,20.34394066216886
0.7699502566829324,0.8706516998354346,0.8814784768037498,0.7877731809858233,0.024973986437544227,0.3585867490619421,0.016607654746621847,17.32281385798045
0.11548396525904536,0.28735958714969456,0.19575588684529066,0.3368677862454206,0.8570077889598906,0.2009826572611928,0.1979871136136353,11.068134104520574
0.8868216939736158,0.5257014511153102,0.4665673323906958,0.3086877076420933,0.7718901543412358,0.21949061495251954,0.7711465146858245,16.04847834309373
0.818218904081732,0.9236469904426485,0.7470659662503749,0.704436703119427,0.06872050371021032,0.40168290794827044,0.4412945918738842,16.14970653822757
0.8687730305828154,0.11203929549083114,0.19354474009014666,0.14670360437594354,0.5458412361331284,0.6948435776866972,0.7387345323804766,9.793262557536133
0.7499354484025389,0.7391377661842853,0.031313173240050673,0.7169996129814535,0.8983975739683956,0.20012415247038007,0.11272537731565535,25.99431660893382
0.9439289039000869,0.30773047264665365,0.5675382826011628,0.29098506714217365,0.46377387293614447,0.28025410510599613,0.7557335204910487,12.449750496514907
0.4550407687202096,0.5780897997319698,0.923770536435768,0.12089618761092424,0.6587720673996955,0.7447316013276577,0.13469905545935035,15.532671470165285
0.834800828481093,0.44439812703058124,0.3222225233912468,0.4349516616202891,0.42984211072325706,0.43046627356670797,0.8242551060393453,16.149280313070772
0.32076084171421826,0.5906071413774043,0.9833257684949785,0.22186062671244144,0.058262252015993,0.00419052573852241,0.15622771810740232,13.195650171721534
0.12726798211224377,0.5455364033114165,0.5685367912519723,0.8942672563716769,0.9667960908263922,0.05015832744538784,0.2806395443622023,16.15354271781414
0.09771083062514663,0.6335785223636776,0.07597849355079234,0.4984758850187063,0.9407926972489804,0.45840134285390377,0.915649691130966,15.734267626953418
0.08304804540239275,0.522468002513051,0.1393840336240828,0.8730069159064442,0.31072110147215426,0.006388395093381405,0.5245772541966289,14.081599815163882
0.298558835638687,0.1977485476527363,0.5186668580863625,0.9846395384520292,0.38761878851801157,0.03703634534031153,0.07505475427024066,12.880452718186481
0.6620749749708921,0.13173375674523413,0.0499144122004509,0.5005737671162933,0.6319731830153614,0.5081863887608051,0.6773712763097137,13.915680253719286
0.44547939323820174,0.20397511962801218,0.12181093753315508,0.7270237265620381,0.5040793125517666,0.20778689812868834,0.5929330722428858,14.115315606861103
0.6152819755952805,0.1367594562470913,0.5531187769956887,0.06404855102300644,0.8934724249411374,0.6670740686822683,0.8102800154592842,7.554675022798445
0.8863296299241483,0.9663611252326518,0.6377029195427895,0.364648032002151,0.0968529253732413,0.5801785381045192,0.35930963256396353,10.486388603636712
0.34694540593773127,0.1721153575927019,0.3959011530969292,0.20223812200129032,0.30312477028928697,0.27461788966320455,0.7852758953813463,6.639656397210645
0.6468545261304826,0.8858951306901872,0.630423495778814,0.32252272963523865,0.45788970310240984,0.3342615142464638,0.9288264429196715,15.411860622261296
0.05507798888720572,0.9095360809005797,0.6758875483646989,0.6077764485962689,0.7628378439694643,0.05384178413078189,0.7642577146179974,12.468882481147672
0.9518311677966267,0.9967720273416489,0.6728560563642532,0.1296672923490405,0.47727465094067156,0.8741952027194202,0.9126383711118251,5.048404522056358
0.6284532996360213,0.7609062199480832,0.3381305893417448,0.1377893325407058,0.6977694141678512,0.5883973187301308,0.8906796087976545,15.64229178886434
0.6867331152316183,0.5552940387278795,0.6655174242332578,0.974862131755799,0.8553212746046484,0.5168905919417739,0.3441575584001839,26.229012121739544
0.9423520069103688,0.10601789690554142,0.7310147865209728,0.5337932207621634,0.31478301365859807,0.2736770573537797,0.9228168602567166,9.456597918973092
0.51640754356049,0.5290206242352724,0.4944139563012868,0.0461867144331336,0.7897082287818193,0.49251031619496644,0.868349019670859,13.378214125138545
0.2694574287161231,0.3291460007894784,0.15578724420629442,0.8857965006027371,0.28261190792545676,0.8700210126116872,0.20917926961556077,15.996068980799123
0.6377517464570701,0.5171289728023112,0.6521965770516545,0.300221249461174,0.6140423438046128,0.55282744881697,0.2328807581216097,14.112777439976114
0.13579603913240135,0.08548555662855506,0.03722952539101243,0.22673671878874302,0.6702594293747097,0.14794834121130407,0.33821813273243606,9.51605278216233
0.10543314320966601,0.06582989660091698,0.3760454172734171,0.9300705469213426,0.5671981004998088,0.5643161814659834,0.7423074960242957,14.832460731384023
0.45821565785445273,0.08101703086867929,0.8707868652418256,0.8717595743946731,0.6132295615971088,0.5172016529832035,0.019665710162371397,17.42021965418118
0.10356947989203036,0.2946752638090402,0.6477394732646644,0.9552864057477564,0.0409961377736181,0.556357107590884,0.892053953371942,12.494240099222646
0.5044588949531317,0.3454174955841154,0.6614424823783338,0.7084832254331559,0.09785196231678128,0.367626391351223,0.2338424960616976,13.636140260363446
0.6877226093783975,0.7282864106819034,0.6305977930314839,0.21860025823116302,0.6931538411881775,0.7922981386072934,0.7849026182666421,14.654099787580614
0.7184058234561235,0.9540354306809604,0.4711372787132859,0.8442815330345184,0.33209484280087054,0.49140850990079343,0.6458204402588308,17.969508180980778
0.5191882729995996,0.45980048389174044,0.6938190553337336,0.9161209804005921,0.11000044038519263,0.6382097287569195,0.08239250257611275,18.81146518828125
0.8316000257618725,0.8312702237162739,0.23916151281446218,0.14709034631960094,0.11734596150927246,0.22811427619308233,0.40329411439597607,11.304513621055534
0.6306680161505938,0.5483571586664766,0.9521296261809766,0.9149430342949927,0.6121119251474738,0.7446682450827211,0.3351195268332958,24.85096411100101
0.9856744513381273,0.8859586890321225,0.04022997128777206,0.8035594711545855,0.9383563420269638,0.807532349601388,0.3088953613769263,20.625948924492622
0.5311886686831713,0.7331566291395575,0.7023487691767514,0.2106433273293078,0.1505556267220527,0.12947659566998482,0.0853517868090421,13.66155657755282
0.040379890939220786,0.9480177985969931,0.9092798836063594,0.055770486360415816,0.47052065189927816,0.9513653751928359,0.624236481031403,6.376505064753292
0.44985800492577255,0.8697618315927684,0.6985914041288197,0.8330250536091626,0.7955620300490409,0.904273364925757,0.40912949689663947,23.24034916278837
0.8140502688474953,0.834664603928104,0.4298407721798867,0.21219171327538788,0.3901965550612658,0.9385298239067197,0.967994368635118,13.91618704916804
0.5672580075915903,0.7736835258547217,0.4057690482586622,0.809567041695118,0.011118563590571284,0.5051842951215804,0.7427299788687378,18.10385423284484
0.7081683161668479,0.408815402071923,0.9230039180256426,0.9654113582801074,0.5816867414396256,0.2846285244449973,0.9875894917640835,24.58268384251168
0.26791459671221673,0.5494163683615625,0.973908590618521,0.2600768089760095,0.34938502637669444,0.24794010072946548,0.8027830715291202,13.866473703361338
0.9163098486606032,0.7902026774827391,0.1878763916902244,0.14214557386003435,0.5382353360764682,0.5611302193719894,0.0950873529072851,12.730576777699618
0.8528864737600088,0.08986588567495346,0.2753015400376171,0.3569766003638506,0.4478095497470349,0.7295540382619947,0.7334042568691075,8.451561525873576
0.5837189396843314,0.5608493385370821,0.4042765412013978,0.9483520353678614,0.30559768597595394,0.16402767994441092,0.903265857603401,22.518249732358377
0.1995054823346436,0.7489811377599835,0.6681357836350799,0.51086913398467,0.13651127577759326,0.450992944650352,0.810862076934427,10.686990586636028
0.3561655154917389,0.11908116471022367,0.567235647002235,0.39131324156187475,0.5198248832020909,0.018070040503516793,0.7924308385699987,8.473049314044994
0.8583065695129335,0.23410396301187575,0.3343424827326089,0.3731375737115741,0.5072453308384866,0.8030012173112482,0.27650195523165166,13.725911073460516
0.5693917355965823,0.3115586838684976,0.0937210873235017,0.33865323360078037,0.42694049468263984,0.27756696310825646,0.584356066538021,13.953566478739795
0.46432373393327,0.759099081158638,0.3184672403149307,0.37605084641836584,0.7334577001165599,0.4866951578296721,0.6110419761389494,18.068633678326403
0.759250117233023,0.22278875671327114,0.8260456204880029,0.43465474690310657,0.23635310144163668,0.36600933759473264,0.21724374080076814,11.75270440278321
0.15563881862908602,0.311861920170486,0.06301555037498474,0.8088555752765387,0.5620122938416898,0.06357084936462343,0.7404356475453824,18.397253410562435
