x0,x1,x2,x3,x4,x5,x6,x7,x8,x9,y
0.1521528116427362,0.36077521718107164,0.8311579334549606,0.04736086027696729,0.5573919846210629,0.42028774437494576,0.6610466779675335,0.8169937550555915,0.4587956415489316,0.33477787394076586,7.689399483637916
0.22395602823235095,0.5863672457635403,0.1132091199979186,0.7102265802677721,0.03427126654423773,0.9306365572847426,0.6949215109925717,0.15626857802271843,0.980095749720931,0.973422456998378,14.897949622458775
0.3825877283234149,0.52599345613271,0.6664714571088552,0.42906843195669353,0.050104040652513504,0.6841145916841924,0.3911694190464914,0.2919958527199924,0.9179147821851075,0.9460143600590527,10.489539463671505
0.03431695420295,0.49102274025790393,0.8064737326931208,0.2996261084917933,0.0261998288333416,0.827984148869291,0.8528205722104758,0.5996043523773551,0.030934631824493408,0.7251371049787849,4.96459610223128
0.896112842252478,0.9789794585667551,0.827221020590514,0.19620206556282938,0.747366082156077,0.9667243349831551,0.6039257182274014,0.5683228261768818,0.15272533451206982,0.7236063964664936,13.229453610875673
0.4040161648299545,0.9764321611728519,0.2407497144304216,0.933775246841833,0.2883449727669358,0.31159987673163414,0.569099489832297,0.4040879087988287,0.6478612783830613,0.14734759484417737,22.01920483831463
0.4271581007633358,0.15727956127375364,0.13159356103278697,0.20212672464549541,0.17297898163087666,0.48797652078792453,0.15200463589280844,0.8577513759955764,0.5266253401059657,0.8115670431870967,7.7318032693159715
0.6135291757527739,0.5618095465470105,0.4404847689438611,0.13212167797610164,0.8566479100845754,0.6381388714071363,0.10290368809364736,0.480414449935779,0.2121514962054789,0.7239655531011522,14.629143041327687
0.8319372176192701,0.487575373146683,0.2397563571576029,0.8939725160598755,0.2806907577905804,0.21843295427970588,0.7786762772593647,0.21872183540835977,0.23955331300385296,0.5370065872557461,22.17706165584659
0.601467932574451,0.08825650252401829,0.5360380767378956,0.4589605131186545,0.23566934000700712,0.99679339164868,0.3624287098646164,0.1260671301279217,0.2908607355784625,0.534647945780307,7.368015643237979
0.31937068281695247,0.046138356206938624,0.8200503655243665,0.22720250091515481,0.7109819278120995,0.5361460580024868,0.562338006682694,0.07630744599737227,0.38496440974995494,0.832626236602664,7.093916003082836
0.8327012439258397,0.14418289926834404,0.730945014860481,0.4338609327096492,0.4854835607111454,0.3643721442203969,0.14781003003008664,0.6814859942533076,0.8801154773682356,0.6588747533969581,12.58017273134525
0.17067644046619534,0.8297389587387443,0.4825207442045212,0.05666507314890623,0.5210800541099161,0.48870830703526735,0.2681421951856464,0.4759525223635137,0.6759772070217878,0.598378841066733,6.264778767011389
0.9667964882683009,0.7033667357172817,0.8002610630355775,0.007428427925333381,0.7668243497610092,0.9352021222002804,0.4132245499640703,0.04563547531142831,0.7532232464291155,0.01728223217651248,13.465543875722393
0.704081382136792,0.9628188782371581,0.6879057707265019,0.6839038729667664,0.7652981041464955,0.6861344138160348,0.41468895063735545,0.7083075325936079,0.8428017226979136,0.5464461024384946,19.61255087042653
0.6233786281663924,0.6064043242949992,0.9495605996344239,0.9838098548352718,0.21051667747087777,0.31525155412964523,0.6735984568949789,0.8006766228936613,0.9698739172890782,0.6878284867852926,23.214460535654624
0.4909931970760226,0.8722686106339097,0.6013379632495344,0.8028655028901994,0.9144049424212426,0.7734014827292413,0.7320827268995345,0.5648679768200964,0.7328265709802508,0.41110989451408386,23.155363095445605
0.7362345438450575,0.7292079182807356,0.09205960389226675,0.7524898708797991,0.8321966775692999,0.80697276070714,0.17532600834965706,0.018213571049273014,0.35168973193503916,0.18728806055150926,26.362469153063603
0.7708449154160917,0.29716281848959625,0.31488502910360694,0.9339156418573111,0.27344558108597994,0.4140066688414663,0.41177547816187143,0.16219795402139425,0.9508950721938163,0.2396800632122904,17.314036330502493
0.20098952972330153,0.021441815188154578,0.3418398662470281,0.6029502355959266,0.9529362735338509,0.006130551220849156,0.42060899222269654,0.7698378118220717,0.010219624964520335,0.09258254827000201,12.072826073636996
0.4886117628775537,0.5639930965844542,0.6936724951956421,0.03406156273558736,0.23839590535499156,0.06760312290862203,0.2208047758322209,0.9042122126556933,0.30139274848625064,0.32988443155772984,9.425891131147628
0.08525865315459669,0.41911740112118423,0.6087737558409572,0.42475936259143054,0.4965644092299044,0.6716779489070177,0.5845943891908973,0.4295284915715456,0.5331751336343586,0.59333287156187,8.17783791484287
0.47916503227315843,0.9279589804355055,0.4582820830401033,0.053714631125330925,0.3422636038158089,0.5662483493797481,0.8402128883171827,0.626299616182223,0.20566524472087622,0.8907930648420006,13.23189692152691
0.36030095210298896,0.09234249335713685,0.5657233314123005,0.05066670151427388,0.6468626605346799,0.9838429088704288,0.866354123223573,0.9530161935836077,0.6717471936717629,0.18824568460695446,5.423504865076398
0.6116129076108336,0.06288994359783828,0.020878763170912862,0.6459207106381655,0.3695259594824165,0.5864422866143286,0.10703403409570456,0.06934186164289713,0.11662094504572451,0.3184752054512501,14.467413448838908
0.2562628397718072,0.18859003577381372,0.21900953305885196,0.6602787354495376,0.5735713355243206,0.9922749008983374,0.48627245146781206,0.017927221255376935,0.4052469292655587,0.024403804447501898,13.87430956739986
0.8650203731376678,0.20130976825021207,0.30962792644277215,0.971749265678227,0.421239995630458,0.5544285813812166,0.032256077975034714,0.9421212002635002,0.034461892675608397,0.2070588420610875,17.0248567038893
0.34719893941655755,0.07484444137662649,0.050074959406629205,0.2788401443976909,0.25606402242556214,0.9295008522458375,0.9879629558417946,0.7578579054679722,0.3257064367644489,0.6983692508656532,9.506354492725814
0.3480063008610159,0.642506291391328,0.1341672483831644,0.9584487290121615,0.30524820392020047,0.7495210126508027,0.6224798001348972,0.24274789821356535,0.5574268565978855,0.16655446705408394,19.700455655699013
0.3536206947173923,0.46079133730381727,0.01711593265645206,0.12376511748880148,0.5851934095844626,0.23812867002561688,0.8044531748164445,0.8695317374076694,0.8168337838724256,0.9233286615926772,13.711828595951031
0.1460991706699133,0.5180761490482837,0.0884324626531452,0.7092278352938592,0.6955414398107678,0.14195855520665646,0.6958712325431406,0.61497016181238,0.8062627671752125,0.9823778038844466,14.161847765874608
0.7958389860577881,0.28973337914794683,0.7860386793036014,0.16472235601395369,0.0697137862443924,0.2012615806888789,0.6976455985568464,0.3369038780219853,0.25528086838312447,0.18870191765017807,9.499236110600823
0.28765489789657295,0.30975848576053977,0.45469562127254903,0.6819541885051876,0.9198921250645071,0.9696202899795026,0.5307754147797823,0.13844304787926376,0.24971073493361473,0.14858703291974962,13.150614696102185
0.8149779275991023,0.6825441266410053,0.06141292187385261,0.019303432200103998,0.8870425673667341,0.28756042337045074,0.35394830722361803,0.0452105721924454,0.3132275694515556,0.13252278789877892,17.981381660608662
0.6256949102971703,0.4610662264749408,0.5125427357852459,0.3446044984739274,0.563693474046886,0.0817264593206346,0.052460543578490615,0.7259408177342266,0.2179324603639543,0.09336851490661502,14.444674047852606
0.49816713109612465,0.10510728834196925,0.39728099294006824,0.059478968847543,0.05809545796364546,0.3273832080885768,0.1441788177471608,0.009484270354732871,0.04311942681670189,0.7023279659915715,1.5757944737807332
0.5371525797527283,0.7747451725881547,0.9121382846496999,0.933794675860554,0.49989831540733576,0.47109530842863023,0.33687384868972003,0.5413421934936196,0.7998320097103715,0.02703412901610136,23.43205076927423
0.3537043808028102,0.6467967489734292,0.4591240680310875,0.6339837098494172,0.8193021926563233,0.8947594838682562,0.3581977996509522,0.7220220314338803,0.8172923102974892,0.6712266590911895,15.425626428105405
0.4851472850423306,0.7454319163225591,0.2801648343447596,0.9895653962157667,0.6746719577349722,0.0878069584723562,0.20169858075678349,0.985215745633468,0.6424082478042692,0.6834565941244364,24.38542934191319
0.2043006147723645,0.8059154464863241,0.6943366343621165,0.0821160925552249,0.041140741435810924,0.858213719446212,0.8390943494159728,0.9891472507733852,0.8112576310522854,0.30828748154453933,7.726555702229668
0.5519221285358071,0.221432585734874,0.7041566311381757,0.9358845306560397,0.39865343016572297,0.3927961359731853,0.21582312579266727,0.7546385331079364,0.05684612737968564,0.27275731414556503,15.014123081509219
0.671492361696437,0.47263449570164084,0.6754250314552337,0.19944230699911714,0.08479382423684001,0.22299824468791485,0.20633874228224158,0.6535517233423889,0.1994107523933053,0.07845904608257115,11.605620966070743
0.061221249867230654,0.054250023793429136,0.13256373815238476,0.8523193439468741,0.3012707505840808,0.3433004403486848,0.178408038103953,0.9568296556826681,0.5378149601165205,0.24092913512140512,12.945625464264802
0.1510418700054288,0.03067293670028448,0.40742839174345136,0.24092423543334007,0.147050722502172,0.24114339496009052,0.9755461399909109,0.5755533857736737,0.010776011506095529,0.04444387089461088,4.092863633178803
0.7074881547596306,0.01235478650778532,0.671378750121221,0.9781031934544444,0.09371721162460744,0.11981081566773355,0.05438979994505644,0.49990376411005855,0.7837347972672433,0.9806696125306189,9.448886989030449
0.6354386599268764,0.5126175635959953,0.19689323473721743,0.6421613909769803,0.41407169681042433,0.2725434130989015,0.605999871622771,0.43882250832393765,0.08664351212792099,0.09376085409894586,18.513889627500028
0.602382555603981,0.10709919082000852,0.3445550985634327,0.44950052932836115,0.9239591045770794,0.33923883782699704,0.299015753204003,0.9339991230517626,0.762124756583944,0.1786206227261573,13.936874864327462
0.603281926130876,0.8461500643752515,0.7715970540884882,0.08957463386468589,0.8250888255424798,0.6230340197216719,0.15001078974455595,0.20460363617166877,0.7874994839075953,0.24897969281300902,17.03521538980116
0.42074655648320913,0.34913052315823734,0.09877983946353197,0.3261539002414793,0.8406691539566964,0.13501594751141965,0.9940605715382844,0.44047082983888686,0.379008385585621,0.9602830242365599,15.636744182538468
0.7727182731032372,0.2295163287781179,0.4777832494582981,0.43444164912216365,0.8721313676796854,0.7952913967892528,0.9527367523405701,0.539947937708348,0.6599196193274111,0.25867332122288644,13.297121451331604
0.9638796802610159,0.2091735766734928,0.22768894699402153,0.9907796045299619,0.8977047898806632,0.2694027703255415,0.0121332504786551,0.8750351606868207,0.18201020383276045,0.36801866604946554,22.735246119794084
0.36897104186937213,0.8094411720521748,0.20317551540210843,0.25643950467929244,0.8459311667829752,0.26878215349279344,0.16622034437023103,0.8538322371896356,0.6626382465474308,0.4245601703878492,18.202623855145724
0.31878917128778994,0.6436125747859478,0.16067863814532757,0.16475053178146482,0.512825689278543,0.8740230312105268,0.5037527484819293,0.7032591225579381,0.4896679795347154,0.2439653016626835,13.139260678056749
0.7368913749232888,0.9841457502916455,0.4839950408786535,0.8448473466560245,0.4164939185138792,0.27138857706449926,0.8052537818439305,0.7861289803404361,0.566653048619628,0.23242188128642738,17.360999745038793
0.5868537265341729,0.9325527136679739,0.8745173879433423,0.40426227799616754,0.6002493279520422,0.3431466503534466,0.5309728244319558,0.18766081449575722,0.49438577075488865,0.9953506875317544,19.95477048002264
0.04230144782923162,0.6178497867658734,0.4341134582646191,0.6213163905777037,0.7072465040255338,0.6315367894712836,0.666948574827984,0.9710579318925738,0.34690995211713016,0.46697489987127483,10.830569087302473
0.3597068728413433,0.6029740658123046,0.26017664978280663,0.2283774793613702,0.5932356917764992,0.8398784650489688,0.48842170275747776,0.9044333130586892,0.2609848997090012,0.09997563483193517,14.627876962801807
0.09409748576581478,0.17328387731686234,0.8411758309230208,0.4052235181443393,0.7708348885644227,0.5854889040347189,0.16165922908112407,0.17349420278333127,0.23327753762714565,0.6575626982375979,10.920386691989494
0.19709687284193933,0.08885508426465094,0.06960732024163008,0.18617150862701237,0.3796196822077036,0.3516543977893889,0.889586117817089,0.4696965159382671,0.5177505372557789,0.541665774770081,6.640099104548016
0.7375703102443367,0.23391257948242128,0.6602021777071059,0.7967407000251114,0.847919974476099,0.6401215849909931,0.07490708003751934,0.6376646528951824,0.731103231664747,0.9486131730955094,18.797562919035556
0.4567424862179905,0.45821497216820717,0.9107602252624929,0.8317142692394555,0.35176923614926636,0.42919561825692654,0.4820578624494374,0.1688443822786212,0.6942950100637972,0.8399481577798724,18.966068064196612
0.9427590053528547,0.020166102331131697,0.6261059022508562,0.8327766074799001,0.5653717597015202,0.4762262003496289,0.06450305669568479,0.10080691589973867,0.19403259735554457,0.02954868320375681,13.859644809629728
0.4277228331193328,0.3090999929700047,0.5663205108139664,0.30011512362398207,0.8116490300744772,0.20831433776766062,0.8770337803289294,0.41036527836695313,0.28080020821653306,0.9188931272365153,10.321901583761985
0.9358270529191941,0.7537987260147929,0.7096170727163553,0.7397947465069592,0.6392263232264668,0.5688202211167663,0.7437424310483038,0.15960874874144793,0.7018978078849614,0.7237736887764186,19.430889969761317
0.5875097929965705,0.5960268413182348,0.17334361746907234,0.9959982989821583,0.10668964311480522,0.4390491903759539,0.5221246369183064,0.07230644952505827,0.6418618916068226,0.4644065089523792,21.467671294948186
0.6445305072702467,0.31288495287299156,0.6858348816167563,0.3681655654218048,0.1223739751148969,0.8070796919055283,0.12916474137455225,0.1370106223039329,0.9583749419543892,0.2954519356135279,10.268046896508631
0.5013299584388733,0.13727921806275845,0.6496811560355127,0.2614493875298649,0.7315201228484511,0.2620416721329093,0.3583784191869199,0.43910297891125083,0.6618122518993914,0.4621964069083333,8.53667412653537
0.4112142769154161,0.23097243229858577,0.7790918932296336,0.9712513126432896,0.45673868292942643,0.5937034543603659,0.8184986845590174,0.5874354653060436,0.5146719515323639,0.9679096406325698,17.737115164372824
0.7560888244770467,0.1154969644267112,0.7359740654937923,0.5997227823827416,0.4358860675711185,0.09435694827698171,0.7962086445186287,0.7055355168413371,0.4088732651434839,0.5348574772942811,12.263727321922488
0.7246111582498997,0.5922314790077507,0.20444174017757177,0.20977808441966772,0.6544689976144582,0.7332187492866069,0.8560373724903911,0.5123459692113101,0.9406241236720234,0.3776486115530133,17.953973363116752
0.09232628322206438,0.07429491146467626,0.93096255348064,0.4037922651041299,0.760636331513524,0.4403386896010488,0.9488863802980632,0.5955822807736695,0.4857133459299803,0.42744769691489637,12.412918117897176
0.6617171617690474,0.6653062263503671,0.7405999866314232,0.6401011548005044,0.7123080368619412,0.39445463637821376,0.6162071558646858,0.6498540209140629,0.2867584975901991,0.6528451694175601,22.985677460762062
0.2272831832524389,0.8100876270327717,0.8204851970076561,0.2707511361222714,0.514644902665168,0.5280853125732392,0.8461491432972252,0.5637190293055028,0.6490243852604181,0.5741640129126608,11.820512431195102
0.9142329962924123,0.6359115249942988,0.9628319332841784,0.0885033889207989,0.9935928301420063,0.9028711817227304,0.19220272614620626,0.7490701996721327,0.7933326989877969,0.20500953239388764,19.187098861749064
0.725108788581565,0.0016700902488082647,0.4894627414178103,0.46830228599719703,0.12664294382557273,0.32664243993349373,0.27391479979269207,0.041538790334016085,0.020010861800983548,0.3203876013867557,7.664706146273245
0.7678028133232147,0.4753687840420753,0.40893447236157954,0.45297306636348367,0.449933435767889,0.5755945655982941,0.3531330095138401,0.7779633840546012,0.3225429051090032,0.051230007549747825,17.778467538382824
0.649128746939823,0.5121707282960415,0.7143355305306613,0.43536834605038166,0.19502466637641191,0.7078155661001801,0.3377007800154388,0.7305142879486084,0.19914573803544044,0.1620710613206029,13.09890719653859
0.9776265725959092,0.6454082012642175,0.7893576386850327,0.4352707015350461,0.6331662097945809,0.30565903382375836,0.7889751177281141,0.486668739002198,0.6480250309687108,0.6104268168564886,19.12292068230485
0.40551168331876397,0.06212442182004452,0.06012001447379589,0.48987862723879516,0.6612232287880033,0.18124717054888606,0.399251158349216,0.47394424420781434,0.38987073954194784,0.21549030183814466,13.867107535169337
0.04943067580461502,0.9641106191556901,0.031850815983489156,0.31401406647637486,0.776895327726379,0.22202479979023337,0.7455398875754327,0.7632064684294164,0.20549519965425134,0.3078678126912564,12.99357608066101
0.9593699618708342,0.6042603550013155,0.04866327648051083,0.15018468745984137,0.5312248656991869,0.23309826850891113,0.8148589977063239,0.5312635540030897,0.48768193274736404,0.46975578065030277,17.73123134253697
0.21999553893692791,0.13049065019004047,0.8474834421649575,0.1886873620096594,0.44959966093301773,0.1938767449464649,0.12081657280214131,0.3989027985371649,0.0774988429620862,0.3676960782613605,7.683322570577013
0.5263557638972998,0.6547792984638363,0.24618568480946124,0.7442766493186355,0.9903639603871852,0.5511913986410946,0.22691952087916434,0.5958781039807945,0.19961175159551203,0.01877391431480646,23.55279456581763
0.4429941780399531,0.37355496059171855,0.7196316029876471,0.8232450557406992,0.9411909240297973,0.2835766659118235,0.3701480394229293,0.2398558969143778,0.6618478756863624,0.19230031478218734,19.73157060762549
0.10201496398076415,0.3656997599173337,0.8378083566203713,0.9578792175743729,0.754117006668821,0.2891490696929395,0.15553670888766646,0.6111941975541413,0.053475588792935014,0.23693492263555527,16.52840249923742
0.9544533567968756,0.07001542183570564,0.4409621865488589,0.2937490763142705,0.33870296622626483,0.824964864179492,0.22607768164016306,0.1111920743715018,0.6698814770206809,0.3829753331374377,7.664138681968226
0.18054636055603623,0.09635302727110684,0.8203837757464498,0.05044395267032087,0.041402854258194566,0.7856502013746649,0.9068816225044429,0.5401868566405028,0.28513069031760097,0.5169725907035172,3.1490449056125818
0.4691154779866338,0.7940819566138089,0.6180488236714154,0.817026870790869,0.5649599651806056,0.5585548426024616,0.5552938713226467,0.014277961803600192,0.3761817191261798,0.7471560419071466,18.559461250094003
0.08765573799610138,0.7787718027830124,0.5864172086585313,0.2748183845542371,0.8641287665814161,0.2663499501068145,0.9272087754216045,0.7449390334077179,0.48988492926582694,0.3859044562559575,9.010273101411347
0.1821040811482817,0.18796800589188933,0.7426170231774449,0.9987614839337766,0.20850601862184703,0.01544862356968224,0.6344746875111014,0.7557729387190193,0.7804846467915922,0.8144910708069801,14.12430715763458
0.07306618080474436,0.20518872840330005,0.9072975642047822,0.6368634870741516,0.0005345318932086229,0.457090551732108,0.8083069596905261,0.24588583572767675,0.9778049977030605,0.03178102569654584,11.704989633076924
0.6592389433644712,0.04502755659632385,0.7227843960281461,0.8423164645209908,0.7785936568398029,0.39653819636441767,0.12679882440716028,0.8442534087225795,0.6713720958214253,0.16637603915296495,14.32918326495396
0.3861245622392744,0.08974857116118073,0.7094342885538936,0.13174765300936997,0.13548004860058427,0.42258489364758134,0.3665177528746426,0.29176575713790953,0.32546571479178965,0.7787953391671181,3.6034091229920846
0.8371496754698455,0.45564734004437923,0.8705181258264929,0.9786993768066168,0.5769882549066097,0.6245191851630807,0.48377829999662936,0.6748280567117035,0.16993323108181357,0.7680866601876915,23.90272168931124
0.9169371423777193,0.542314171558246,0.30914299190044403,0.737107056658715,0.2602969298604876,0.26475690212100744,0.373081979341805,0.4178230329416692,0.1225672469008714,0.10214079916477203,20.31319754244661
0.053087417501956224,0.05084421928040683,0.33128180261701345,0.7275944903958589,0.9932273931335658,0.6470406437292695,0.5623388001695275,0.24981862911954522,0.525036864914,0.42048869864083827,12.227396095989176
0.00865651248022914,0.38102160627022386,0.7135670967400074,0.5005166775081307,0.930518810171634,0.07751683332026005,0.566487229662016,0.27407580171711743,0.6765982885845006,0.3243183384183794,10.515192056880366
0.9599863712210208,0.9644843651913106,0.03132661525160074,0.28268221160396934,0.45295743038877845,0.06265740096569061,0.5804161252453923,0.8317844250705093,0.2627338340971619,0.7992884032428265,13.517953796525031
0.46484101191163063,0.5789101817645133,0.9264275035820901,0.07441391213797033,0.09267345420084894,0.22407151595689356,0.4294626321643591,0.4190349231939763,0.640914797782898,0.4152861956972629,12.330713048924759
0.4493611413054168,0.35003455448895693,0.847297738539055,0.5963907698169351,0.4889151589013636,0.18540262710303068,0.3450421856250614,0.6703563795890659,0.1167206703685224,0.7896613390184939,14.9241040856753
0.5510726349893957,0.3784079335164279,0.1530091476161033,0.5673821095842868,0.3757874257862568,0.09991877526044846,0.6603556154295802,0.5840155347250402,0.005177102284505963,0.7142684406135231,15.61737061713855
0.6416434939019382,0.4263227314222604,0.6096319903153926,0.9079900472424924,0.1720190595369786,0.2440466780681163,0.6666046353057027,0.3202376323752105,0.18154022400267422,0.9278520771767944,19.14943682604236
0.9675483470782638,0.4645383774768561,0.0006727427244186401,0.1194768340792507,0.9097085888497531,0.851848179474473,0.19340981706045568,0.9704042873345315,0.23198847938328981,0.30188232264481485,20.574696946144837
0.5894505742471665,0.7188500019256026,0.7593654405791312,0.5439977839123458,0.35620355303399265,0.9811747632920742,0.7138125027995557,0.4850088704843074,0.5329638449475169,0.16150238597765565,18.07796873001851
0.7514649808872491,0.9078755867667496,0.5484788413159549,0.7935902029275894,0.3435772496741265,0.7766257533803582,0.19122428866103292,0.06846007518470287,0.22726416611112654,0.9186303087044507,17.212083262012012
0.04516863380558789,0.30680162855423987,0.7667233736719936,0.22071782709099352,0.29668654687702656,0.707707833731547,0.2783093359321356,0.9251635016407818,0.16292002238333225,0.5351993995718658,4.498380556554513
0.3701308236923069,0.6323202475905418,0.9123008602764457,0.3941562450490892,0.27789169177412987,0.9631547620519996,0.9417233406566083,0.4572616817895323,0.06900763092562556,0.7118578380905092,16.67240181232032
0.8263284806162119,0.6889277878217399,0.8031857169698924,0.12247366458177567,0.8998880218714476,0.22787282313220203,0.6682668393477798,0.8199454341083765,0.20170974382199347,0.936570945661515,17.362158747183944
0.4927595134358853,0.4683172791264951,0.3457413313444704,0.7349278971087188,0.8410700329113752,0.2782887890934944,0.13740654475986958,0.12386452895589173,0.6816689351107925,0.12017447361722589,19.457757150127033
0.3910006834194064,0.5834258671384305,0.475509122479707,0.16236588009633124,0.586300190538168,0.28637875081039965,0.014892570907250047,0.8780822544358671,0.21860289969481528,0.5787249612621963,12.023007346207736
0.4670229395851493,0.4833609345369041,0.08286070707254112,0.8063306040130556,0.4515813668258488,0.45783578930422664,0.22335736104287207,0.8269965713843703,0.7340732906013727,0.06602600077167153,19.429143817781895
0.6914954180829227,0.44741945154964924,0.35239463672041893,0.13186088996008039,0.05497785354964435,0.9126013463828713,0.37838069489225745,0.22435944085009396,0.33109268243424594,0.04506497224792838,9.9922943810057
0.6208022143691778,0.47559565282426775,0.6989190722815692,0.661900735925883,0.8966095631476492,0.052128799725323915,0.6154303525108844,0.23047823528759181,0.09717501327395439,0.39157727593556046,19.932082667539355
0.05502817826345563,0.8699126231949776,0.32397536863572896,0.7027097851969302,0.2943965825252235,0.89126380905509,0.8996730076614767,0.11130952811799943,0.23262634663842618,0.35429363907314837,10.384300572360265
0.5257869709748775,0.9131072007585317,0.3440630412660539,0.9564504115842283,0.43187432433478534,0.9098700264003128,0.8950750264339149,0.6174804917536676,0.6244687899015844,0.48400048166513443,22.248251077278873
0.9109617909416556,0.47885599941946566,0.003233393421396613,0.0070301631931215525,0.7375938354525715,0.3062812297139317,0.18650692468509078,0.1280840332619846,0.649034361122176,0.20688989874906838,18.638166242657825
0.05209508305415511,0.7422911103349179,0.44602523860521615,0.04172194842249155,0.8459963784553111,0.6763701976742595,0.8198550215456635,0.9355627053882927,0.03088378650136292,0.6107518500648439,5.092689797325527
0.25806668191216886,0.3343698694370687,0.08765853382647038,0.7616541432216763,0.0642636043485254,0.3212810524273664,0.3285665314178914,0.19366721319966018,0.9479120012838393,0.14551172708161175,14.734155999111271
0.816987132653594,0.583525114459917,0.41459619207307696,0.5505221467465162,0.7581248581409454,0.60768758575432,0.8704944413620979,0.6933497067075223,0.07325371145270765,0.8338784154038876,19.403237306290546
0.7845350548159331,0.6429211229551584,0.8656413801945746,0.00518203410319984,0.1944337673485279,0.8963527381420135,0.8533719750121236,0.2719362152274698,0.3153626429848373,0.6302288214210421,13.779309572963024
0.6373793391976506,0.05742451339028776,0.4212785246782005,0.30359087442047894,0.2300242050550878,0.5860715424641967,0.5731778179761022,0.1319235300179571,0.5634252240415663,0.9862592520657927,5.467841517692194
0.8923123753629625,0.9316861431580037,0.24049367429688573,0.10025935200974345,0.20504209655337036,0.564210815122351,0.2677653548307717,0.4462223395239562,0.18417129362933338,0.4097626213915646,9.250591483945326
0.4772384651005268,0.19880166719667614,0.19858481059782207,0.5397653095424175,0.5256626214832067,0.31612075422890484,0.7743805653881282,0.20875647594220936,0.998867497080937,0.5479518719948828,12.751993601699475
0.12305675260722637,0.034794583451002836,0.10450752428732812,0.7945527394767851,0.6485523348674178,0.05112784751690924,0.6622103217523545,0.9797485799062997,0.528932990739122,0.8453304364811629,15.903745302662378
0.38689908501692116,0.9951059063896537,0.468422869220376,0.529531680746004,0.2951200637035072,0.5409854236058891,0.812365488614887,0.2687069149687886,0.33542214799672365,0.9467779654078186,16.625989948776258
0.6933182638604194,0.44887008192017674,0.25484878523275256,0.8485794246662408,0.18989025568589568,0.52494524163194,0.9366084372159094,0.9264917566906661,0.74355831858702,0.13395116291940212,19.081167423740162
0.7227144532371312,0.8723358316347003,0.7960733212530613,0.7753472307231277,0.09998987033031881,0.08962075435556471,0.22414254769682884,0.17744096764363348,0.4301935143303126,0.518453610362485,19.03372256459369
0.27019500103779137,0.7342264549806714,0.05858671641908586,0.16651944327168167,0.3416242580860853,0.002319188555702567,0.8512422146741301,0.86538992729038,0.8563018967397511,0.6589320001658052,13.608751061296301
0.8387013382744044,0.42954185185953975,0.2727606943808496,0.5449589970521629,0.106787663185969,0.21832143934443593,0.1145023878198117,0.8494838564656675,0.4002788309007883,0.3931621192023158,15.215390611628926
0.3934449458029121,0.5494146149139851,0.8922827162314206,0.7661827772390097,0.5832478771917522,0.784511175006628,0.19885161914862692,0.053117956733331084,0.48321197857148945,0.6928699158597738,20.13051474610805
0.06040562363341451,0.8173201300669461,0.04862775723449886,0.7742110909894109,0.272694050334394,0.9434932200238109,0.8908335445448756,0.9743663959670812,0.587544257985428,0.032533237943425775,15.275332779596404
0.4188732167240232,0.3604871602728963,0.8645244122017175,0.2547845144290477,0.6881458624266088,0.9353057362604886,0.5839072437956929,0.34219948621466756,0.11292621889151633,0.591881386237219,11.603154198318975
0.4742602137848735,0.9277072632685304,0.8607889495324343,0.1097959685139358,0.09135917737148702,0.9400646844878793,0.08575071790255606,0.10516670206561685,0.2625697082839906,0.8107081151101738,13.865575427010022
0.31710131163708866,0.5483950418420136,0.8477068608626723,0.8684272659011185,0.18898120941594243,0.4297692282125354,0.5088279736228287,0.5982586953323334,0.1087743032258004,0.2861466594040394,15.101028336202821
0.18739487626589835,0.1279467528220266,0.981715538771823,0.7743361277971417,0.07520658290013671,0.1421811431646347,0.9811888088006526,0.2635093049611896,0.601380301406607,0.7860321903135628,14.151637829927598
0.0757561232894659,0.2811686599161476,0.1732506351545453,0.8648531474173069,0.7644022763706744,0.06299041351303458,0.5793952737003565,0.6136252442374825,0.5228696132544428,0.9143725275062025,14.498939292876733
0.8185334603767842,0.665076898643747,0.6233357498422265,0.6648232932202518,0.47850319277495146,0.19730492099188268,0.81925317668356,0.5301184714771807,0.15826416481286287,0.42645978764630854,20.385406811499095
0.5027013020589948,0.6581932276021689,0.859879033640027,0.20717186573892832,0.5744641991332173,0.19984495593234897,0.7660248759202659,0.6230647370684892,0.002671012654900551,0.29055065009742975,16.112753341868302
0.8076295086648315,0.5415932277683169,0.3727174177765846,0.5277983646374196,0.8357099608983845,0.6638451821636409,0.9780126747209579,0.4369033102411777,0.5694439108483493,0.0716784936375916,19.96797378613672
0.9897739342413843,0.7291829488240182,0.7013126828242093,0.33184849633835256,0.11610668106004596,0.9199921283870935,0.817528379149735,0.6012579007074237,0.7237310803029686,0.991893180180341,11.810101903754095
0.8691986280027777,0.7365108896046877,0.6312061778735369,0.3502248877193779,0.7764120462816209,0.6491482462733984,0.07354190945625305,0.18320910446345806,0.05724801775068045,0.5740526805166155,16.83194470945217
0.0052739514503628016,0.980794336181134,0.49535759980790317,0.9700335673987865,0.7275868966244161,0.30898700188845396,0.08720268751494586,0.459349412471056,0.7049310754518956,0.4662785327527672,13.15144564534114
0.6260623978450894,0.4849780348595232,0.22637663315981627,0.554040135582909,0.31302564567886293,0.26669189729727805,0.1564676589332521,0.6680323542095721,0.8308876580558717,0.2450196323916316,17.911470871601953
0.4052750673145056,0.37201898777857423,0.38199282600544393,0.1348013337701559,0.24843128095380962,0.16256603854708374,0.7311298798304051,0.8976962310262024,0.5913106023799628,0.16700952546671033,7.095598829553234
0.5172792095690966,0.7693006065674126,0.14782852376811206,0.9754111918155104,0.16434134868904948,0.08260749629698694,0.029919280437752604,0.5785172625910491,0.13690363825298846,0.8150247149169445,22.03389568067874
0.8816506401635706,0.6091999523341656,0.4805791419930756,0.969348807586357,0.8396018138155341,0.8989107620436698,0.31864643562585115,0.10129544395022094,0.7674499026034027,0.32577432272955775,23.53417991598476
0.8685177776496857,0.8530412197578698,0.8761549685150385,0.8408439862541854,0.011432091938331723,0.8165947617962956,0.8285959735512733,0.007309512235224247,0.8847663879860193,0.8049171180464327,18.463919711557875
0.6061539952643216,0.34869306394830346,0.6370155799668282,0.0792482087854296,0.18385292310267687,0.3789416765794158,0.5094497471582144,0.9791863227728754,0.2172413330990821,0.9991803457960486,8.237856781231555
0.7023938826750964,0.47849869076162577,0.7999779051169753,0.8522246507927775,0.2859267534222454,0.7602702269796282,0.5525924479588866,0.45504510728642344,0.5174065637402236,0.21748099103569984,20.912355939071336
0.6262019297573715,0.41828555753454566,0.24763960111886263,0.6798799361567944,0.3581026531755924,0.7973346868529916,0.563769816653803,0.1836582776159048,0.3243867647834122,0.27705372357741,17.804584973628486
0.7405452039092779,0.06480013253167272,0.8474135685246438,0.6856784159317613,0.2532761765178293,0.00010921363718807697,0.07350129843689501,0.13039884064346552,0.6832354313228279,0.1534980048891157,12.438629423164423
0.8968429886735976,0.24633604544214904,0.5998000926338136,0.7439385298639536,0.6235718128737062,0.5732650798745453,0.6752545363269746,0.4878012479748577,0.39033952821046114,0.06279756082221866,15.835853788518993
0.14217803068459034,0.947203315095976,0.4681663908995688,0.5936452448368073,0.9976807364728302,0.9325918960385025,0.5236329445615411,0.5445893409196287,0.465472788317129,0.40950989886187017,16.067638674132372
0.4056159732863307,0.06160311959683895,0.6103298577945679,0.5211564428173006,0.7980461525730789,0.4383307967800647,0.9493886658456177,0.7116889650933444,0.8105711713433266,0.06436592200770974,9.627532245089334
0.44538298388943076,0.9726738529279828,0.030283391941338778,0.8256701151840389,0.56572111020796,0.6570770384278148,0.3243128315079957,0.3700316802132875,0.7827889542095363,0.8911340935155749,26.33322154469343
0.6955538638867438,0.08231091825291514,0.32270200457423925,0.7455405932851136,0.93676847522147,0.7365151068661362,0.15981481247581542,0.9529425431974232,0.49807881680317223,0.94375667325221,15.20148177177755
0.9989453388843685,0.7594079491682351,0.1069339185487479,0.43550777761265635,0.3158602199982852,0.36327355611138046,0.5110787032172084,0.6587933695409447,0.5562543352134526,0.15104971174150705,15.702988300754981
0.7779666704591364,0.05998503137379885,0.5214005040470511,0.8783346207346767,0.054070659913122654,0.46607877872884274,0.5422357877250761,0.8327163849025965,0.9686808027327061,0.3977602147497237,10.849084600273043
0.49817455746233463,0.9276694857981056,0.25090035842731595,0.04929986665956676,0.5294359913095832,0.12445709528401494,0.2961521970573813,0.6782672209665179,0.7585425428114831,0.574865163769573,12.187537851464775
0.6478304057382047,0.8066960119176656,0.9708880980033427,0.8386387857608497,0.037876773392781615,0.7390120974741876,0.8081354973837733,0.4428434167057276,0.3960626672487706,0.05942095420323312,22.899725632700918
0.0628366933669895,0.1264254346024245,0.7110121201258153,0.641421013744548,0.10441579250618815,0.018203997053205967,0.8815532790031284,0.9144915908109397,0.3423620944377035,0.7893296824768186,8.476043301677555
0.6464703315868974,0.12772657466121018,0.19698863057419658,0.02397720143198967,0.4830416804179549,0.17550794640555978,0.7826268500648439,0.16295547666959465,0.011720683192834258,0.3524982356466353,5.691931743086984
0.857545310864225,0.14634878002107143,0.8373102156911045,0.6540724204387516,0.07236277335323393,0.7940260858740658,0.9073256994597614,0.8002988260705024,0.24426477076485753,0.21574786328710616,12.435907841747152
0.9144663799088448,0.06388771743513644,0.5094840838573873,0.5241856896318495,0.5224621456582099,0.8545526301022619,0.0682895288337022,0.4255463711451739,0.38061953242868185,0.18860024400055408,8.596067975776645
0.9547203488182276,0.5896330687683076,0.06398979783989489,0.44865979347378016,0.140995031921193,0.36837313626892865,0.24581947177648544,0.7803016565740108,0.35660480661317706,0.24011128908023238,19.443926014799114
0.25901712756603956,0.2340739481151104,0.5953405892942101,0.484252936206758,0.5858444264158607,0.8262109241914004,0.31199637381359935,0.4425714921671897,0.7574264500290155,0.6192508793901652,8.60833603296562
0.6474005209747702,0.0565894041210413,0.5481411297805607,0.6313909967429936,0.4901767421979457,0.06262969085946679,0.11046240199357271,0.7954111406579614,0.9535046757664531,0.7443815865553916,10.667922319998725
0.3306804564781487,0.02427149936556816,0.6759728696197271,0.1289180307649076,0.7897845902480185,0.7383728888817132,0.3106500110588968,0.9792433427646756,0.3647899457719177,0.843985514016822,4.7045661785679425
0.27957513672299683,0.41587446769699454,0.7158667745534331,0.5587466300930828,0.09101467905566096,0.25475609535351396,0.9196760847698897,0.7631567034404725,0.33590185339562595,0.41011196561157703,10.479487181682298
0.6904689599759877,0.8901119383517653,0.09701671311631799,0.15532732591964304,0.299020315753296,0.6641262883786112,0.33370460802689195,0.3974015023559332,0.030094405636191368,0.5167250710073858,16.724936967725416
0.19264881638810039,0.7187007302418351,0.7638828849885613,0.8248963837977499,0.6884824624285102,0.6128023322671652,0.1920085062738508,0.2881258900742978,0.45441043586470187,0.5208357719238847,18.368802049634823
0.09947103494778275,0.6111914443317801,0.5024347309954464,0.6373796265106648,0.06604110519401729,0.3323490770999342,0.8653432375285774,0.9060587387066334,0.23216744954697788,0.08115552342496812,9.304282909513848
0.2323207869194448,0.5316238536033779,0.21223130775615573,0.7515920824371278,0.2852565380744636,0.21837730519473553,0.6874030337203294,0.791538541438058,0.5460933384019881,0.9441693800035864,12.918823440404164
0.5588097581639886,0.3503250277135521,0.4753099512308836,0.3068189693149179,0.7582182604819536,0.7396380892023444,0.3696802754420787,0.3675124514847994,0.05416917451657355,0.02752030431292951,13.737522308343035
0.43279111851006746,0.4302551341243088,0.7417707291897386,0.35270229494199157,0.7392181300092489,0.0969967229757458,0.6344200232997537,0.2936346784699708,0.6928735435940325,0.5483272352721542,12.693819555929913
0.5553222524467856,0.5719717750325799,0.6602506984490901,0.01322449673898518,0.232668288750574,0.6235466483049095,0.6616761281620711,0.5079594692215323,0.13990961341187358,0.6131236890796572,9.749405099843221
0.5437330612912774,0.47086975537240505,0.2139449252281338,0.9120105733163655,0.30143478559330106,0.7285056626424193,0.686757689807564,0.5353725268505514,0.16057265736162663,0.5316194512415677,18.739441071953888
0.7482590943109244,0.5047289954964072,0.11663223151117563,0.21745548048056662,0.3464656053110957,0.6446960573084652,0.1854455810971558,0.2045915420167148,0.0769844138994813,0.9916816058102995,16.141887622669405
0.96594830439426,0.8670339633245021,0.27687953622080386,0.8567721578292549,0.2848949667531997,0.4330997127108276,0.3068652998190373,0.8936391035094857,0.7769522068556398,0.5997039789799601,16.9659712485079
0.8017828108277172,0.8187335669063032,0.7403590753674507,0.8236106971744448,0.8369426848366857,0.3129502171650529,0.3201704553794116,0.14323142333887517,0.2716873059980571,0.7055513050872833,23.199903444264606
0.7155703739263117,0.5296566963661462,0.4272622612770647,0.917269408935681,0.7019301273394376,0.5331729855388403,0.24385674321092665,0.9092586289625615,0.40258351247757673,0.05791461910121143,23.39514483766435
0.6254144303966314,0.5444163011852652,0.14121561567299068,0.44709323393180966,0.9590628151781857,0.6864018999040127,0.46446382347494364,0.1356680013705045,0.9466024772264063,0.3569813063368201,18.439619390845802
0.15224632411263883,0.5739983241073787,0.9812647805083543,0.2391041931696236,0.8269561456982046,0.024066850543022156,0.5577361357863992,0.4162450765725225,0.17158667254261672,0.7230828264728189,12.212127972777843
0.4363611154258251,0.4729756247252226,0.4903803968336433,0.5549632380716503,0.34242697712033987,0.8550384996924549,0.47449967870488763,0.5182442425284535,0.7307538336608559,0.6028866043779999,12.597374276555794
0.38846213929355145,0.5489730427507311,0.11378399888053536,0.6295457910746336,0.4311376039404422,0.43031791504472494,0.5284882285632193,0.9321338688023388,0.7897485918365419,0.04692640574648976,16.469124145878375
0.12008925760164857,0.18666319898329675,0.20430739293806255,0.7603291303385049,0.5307519801426679,0.49119501234963536,0.3746388307772577,0.8238628362305462,0.9983218025881797,0.6329510791692883,12.204228195642283
0.32486397842876613,0.16386915766634047,0.1810426174197346,0.860969295958057,0.5471016955561936,0.48119903774932027,0.32820292306132615,0.901358509901911,0.2439121485222131,0.28320465655997396,15.9514688863266
0.7611714350059628,0.8986665136180818,0.6380214288365096,0.13891320768743753,0.038106233114376664,0.10778311477042735,0.6495324014686048,0.629295633174479,0.2513408095110208,0.2536773565225303,11.264127183435116
0.03977596084587276,0.9243095819838345,0.8335033655166626,0.6108135788235813,0.25080836564302444,0.034349420107901096,0.022578607546165586,0.8468172943685204,0.03613641392439604,0.9438522723503411,10.2763859842167
0.4645622279495001,0.7991587335709482,0.5458185668103397,0.34378757630474865,0.06792326853610575,0.47390801389701664,0.6731202525552362,0.40140934218652546,0.21443133219145238,0.5694080707617104,13.248727513663777
0.6090754696633667,0.39950306178070605,0.255847837543115,0.5972722785081714,0.3567936320323497,0.310825944179669,0.644828635500744,0.9337019713129848,0.4373586177825928,0.022648632060736418,13.260836954070315
0.9679022419732064,0.459217784460634,0.060622010147199035,0.28078979859128594,0.7642868543043733,0.7192015976179391,0.10468980809673667,0.37045427644625306,0.10092722089029849,0.7256938756909221,20.076930776655704
0.935672840103507,0.12577333743683994,0.5311299927998334,0.24453219748102129,0.009011033223941922,0.30138336797244847,0.5626288910862058,0.0019420171156525612,0.9870471893809736,0.7727233530022204,6.963576525008432
0.6224170760251582,0.7982563620898873,0.41939226165413857,0.04955101665109396,0.3743845683056861,0.8953685169108212,0.7723522325977683,0.9226661017164588,0.6728319127578288,0.9018312087282538,12.186605327502296
0.41008356562815607,0.2908402185421437,0.15970865706913173,0.20195903372950852,0.9748850285541266,0.5461959398817271,0.5252070219721645,0.0480826401617378,0.7462422435637563,0.9867553133517504,14.898323570216814
0.6481626755557954,0.22359290532767773,0.10305813723243773,0.6676130711566657,0.46669420902617276,0.35502238967455924,0.07014074944891036,0.3150969441048801,0.137536354130134,0.7580281216651201,16.491856491518682
0.33222509804181755,0.6815521898679435,0.27542509720660746,0.26392612187191844,0.3567015503067523,0.3680099379271269,0.40561457234434783,0.8470255294814706,0.9721759480889887,0.34820623719133437,12.412233303831815
0.1712552565149963,0.14881775877438486,0.8542611673474312,0.8869464241433889,0.027180800447240472,0.13099757605232298,0.15069805271923542,0.3239403667394072,0.8772960437927395,0.7017424937803298,13.155377055655249
0.476671475218609,0.3637698292732239,0.3019477038178593,0.26464280067011714,0.7161358359735459,0.8564065848477185,0.926778840366751,0.8320417136419564,0.3536941478960216,0.2855220385827124,11.978527624316241
0.05879658157937229,0.7322601752821356,0.28134424332529306,0.7754127096850425,0.40344721847213805,0.578458217671141,0.06740794563665986,0.8719784158747643,0.5219115645159036,0.5563400520477444,13.302968578179897
