x0,x1,y
-0.24645418018673473,1.079439249459332,0
-0.8441686465606277,0.6808479719759413,1
1.6138800894304817,-0.18130950355515607,2
-1.028701934855565,1.3827728639000176,0
-0.320942124424174,-0.05893827737029955,1
0.7406516720368341,-0.2245535062563755,2
0.44256416736111054,1.3805772980681568,0
-2.2142244213697726,0.6325499769664833,1
1.7560070316959429,0.08939938188763041,2
-0.1619408509952881,0.12143773867605567,0
-1.833013353762781,0.31709362624801063,1
1.5139032933657937,-1.6090977984554968,2
-0.027700363753945547,1.3540543486004417,0
-0.7350441321764365,-0.9644887138504781,1
0.4706913358926257,0.4639987377355834,2
0.16184074812441734,0.6984989423737323,0
-1.1536358669825304,-0.7214894120407351,1
1.5634245290155255,-1.5586179275509076,2
-0.12236533755568957,0.1903511542228875,0
-0.5404221563969842,-0.88310242099483,1
1.7605572523029405,-0.8754478213263791,2
0.4386924420764026,1.6443335134836066,0
-1.8076868593413282,1.4554789610142338,1
2.5474865222886116,0.057662372449610366,2
-0.28313304376586845,0.32546614095891513,0
-2.290386631979736,-0.5388663383086222,1
-0.204290877801395,-1.2512508136344762,2
0.22653653026227238,0.47289789059386567,0
-1.2907657828164554,0.060640570954337614,1
2.0438436091399144,-0.2471712432332458,2
0.24318572164070004,0.5203116497898371,0
-2.5685023463292334,-1.3382818979641231,1
-0.14727524080444465,0.16774553793172853,2
0.18875202177039452,0.8180735914712659,0
-0.3858484904365598,-1.3957228937838444,1
0.9660181481104884,1.0141433549271084,2
-0.5386485325595533,0.7839986783399893,0
-0.4229093066541273,-0.3066152298857341,1
0.60346524138659,-1.0518843850566628,2
0.5395704887003376,0.6525171200808723,0
-1.3640280757597318,-0.2730081775901603,1
0.8907894519888411,-1.014636159759184,2
0.8650648472410059,1.1552083846747527,0
-1.7963532803913864,-0.4202539705320245,1
1.1954584530429053,-1.448178484061612,2
-1.2340835735531632,1.2001672042317861,0
-1.0758749973545605,0.3230437426398577,1
0.6769039493559728,-0.4632351573050886,2
0.44169216167961783,0.5952796095336645,0
0.47403818373552986,-0.4311435634861556,1
1.451748786533064,0.12398841474755717,2
-0.21303192206058663,0.8874023214066882,0
-1.3547645976389582,-0.5972165802842822,1
1.2036844322947682,0.1511860437066782,2
0.5861411552037469,0.20075408930530803,0
-1.3749147598750227,-1.2190987773326487,1
1.7790788718192354,0.013007866866624362,2
-0.38866947540686914,1.2090098498066668,0
-1.3370179842322139,-0.027019993857787084,1
1.3144613712575108,0.45044708095476627,2
-0.7836712361689869,0.7277893945855274,0
-1.006840297934573,-0.7010979390081808,1
0.4520253569094529,0.40238194959683793,2
-0.755527601717485,1.7981756963445636,0
-0.8545560544761595,-0.9977753532561893,1
3.189371357036838,-1.4943564513715444,2
0.48705495056891024,0.15423007546013867,0
-0.7970943763289531,-1.0325994238365608,1
2.0203429519728573,-0.6455924584710877,2
-0.16121487032445234,0.8053354170441667,0
-1.7789634817091537,-2.7234238272323994,1
2.164073721122266,-0.886045100538122,2
0.1318737225708029,0.8053213779838224,0
-1.4438494998377953,-0.8522957240602824,1
1.8330102290617813,-0.43869654003604835,2
0.8880861621915429,0.9285940667581105,0
-1.0402016935707272,-1.2706906887479485,1
1.6294741641746469,-0.4866023175183226,2
0.6849264556811008,1.5577396934368748,0
-1.5817889003057142,0.07115247432673044,1
2.0218782364399814,-0.7047430677215675,2
0.46585349401822673,-0.22673499144586096,0
-2.257643177339437,-0.8748860467764044,1
0.8841018712146879,-1.6943666981001748,2
1.3268261340149716,0.6344633362358525,0
-1.2946451778317767,-0.5952887863388858,1
-0.1547230947069187,-0.6070526387466563,2
0.09765359603957072,0.8170934139891519,0
-0.27433981432568155,-1.0890121233290362,1
1.3792788541503396,0.24806383369084306,2
-0.8634414612119372,1.0974378000167664,0
-0.6282183641829566,-0.29592670345175215,1
-0.540312258578646,-0.6622837023282021,2
0.7403204706865935,-0.6031665726448758,0
-2.11497463679453,0.18356793972504148,1
0.8081047298720319,0.22001491435678822,2
0.9145731526415917,1.708830322192622,0
-1.3752891254475303,-0.5275820813919387,1
0.24296834075032647,-0.7352555477579992,2
-0.8570930605117697,1.681397863468487,0
-0.87582590441154,-1.7372640077887636,1
2.1458714166501,-1.181140920138486,2
-0.2644581101311815,0.7873611149667936,0
-2.1701016269930093,-0.3559156009896234,1
1.4948080267769746,-0.6243813742476649,2
-0.019865319172507435,2.1694458022461633,0
-0.6582413650778027,-1.4687418101198166,1
-0.12806938667492407,-0.15894028100290897,2
0.4458632090133681,2.617998361751468,0
-0.8547811924022528,-1.1520610444337223,1
0.9493840033001356,0.026088098962663286,2
-0.4944196901797,1.1948942645078626,0
-1.781586199902638,-0.9584454892698837,1
0.5916792639251012,-1.0177955277386945,2
-0.1700004169598762,1.3232107628889607,0
-1.650724467644304,-1.1962450335679855,1
1.182933888965306,-0.06085341052051696,2
-0.20230981045280075,1.3533029446462694,0
-0.5594749465794447,-0.31556324602981145,1
0.09092579906805642,-0.1352409842842739,2
0.5735519482470203,0.7854046870059486,0
-0.7854618191885266,-0.7825517293653197,1
0.6680452094022857,-0.8136256126299956,2
-0.15986931290223053,0.8116532898802395,0
-2.233831916795707,-0.920469297028365,1
1.7097526483688887,-0.4947279900528777,2
-0.7074985256096602,1.1288000276311088,0
-2.1660943066298586,-0.7271031855103307,1
0.0681466292260412,0.3721740218807341,2
0.9782473193324093,1.835480597047467,0
-1.743531061374834,0.3015350227782806,1
1.5320032198186664,-0.3082616055633074,2
1.0270868127829658,-0.19031782092104854,0
-0.20193399469099382,-0.911020620575653,1
1.2630329465882302,-1.789045552584398,2
-1.1797791094041192,2.0316231503952813,0
-0.3383810257938199,-0.827463004823421,1
-0.1184436757891123,-0.5359926004994525,2
-0.8633217180865741,1.3751140969216658,0
-1.4681074748814005,-0.7575283389253218,1
0.7548880818924937,-0.4423450835613437,2
0.37042440004294913,1.1379352675221255,0
-0.8917904872285087,-0.8247561705813778,1
1.3780694375210403,-0.08916103682750298,2
-0.6243481020477308,1.5694942940942294,0
-1.8490437159689248,-0.06286849527988181,1
0.4755825019708446,-0.8477756836452808,2
-0.3047310124008352,0.7111092052910636,0
-0.8608792948133871,0.17575921050376986,1
2.2990329490554213,-0.7037411761049274,2
-0.45400450377832535,1.684744580881807,0
-1.9405821588283754,-0.4832042117405103,1
0.5359050763351012,-0.5169217044846787,2
0.7434490456444645,0.44674978453657965,0
-1.4626376365012113,0.7102707809812836,1
1.5676755829622246,-0.03450776998311578,2
0.7468783972451875,0.37755698104125224,0
-1.758634674258812,-0.790956552111849,1
1.3692364051696309,-0.11376716995421648,2
0.8198402252942117,1.5778738504220147,0
-1.0740405347206683,-0.16196289054497426,1
1.2590873865165417,0.6686036228341885,2
0.48520734156608364,1.124933626655445,0
-2.6889278530624763,-0.7020495266281227,1
0.30293962818786013,-1.2857115050260992,2
-0.12412571989751005,0.7661189536275159,0
-1.3781501114154753,-1.0765084462197099,1
2.6174014828085594,-0.12508267693967962,2
-0.47075277080461575,1.9775043748796048,0
0.4203017801629392,-0.6772256470348947,1
0.7754216926095663,-0.5265744487154749,2
1.699341448514232,2.123787553713637,0
-0.6153495714543238,-1.1558955297693516,1
0.3073799240624314,0.7446683165766723,2
0.6175068966619522,0.17323210126926347,0
-1.4069779666127473,-0.0008244485041012384,1
1.6190064385622107,0.322671233248811,2
-0.27196642353733624,1.973689796617838,0
-0.8240018837042007,-0.8214982263321604,1
0.051413727205232074,-0.04639037065282914,2
-0.37370226157099057,0.6162942661982286,0
-0.5638547877007988,-0.41166037180255255,1
-0.30038279942874135,-1.4867919688806557,2
-0.6515215202082096,-0.27449921603424854,0
-1.0912207417832143,0.43875755839465724,1
1.7490461416412924,-0.11883592638640234,2
1.1108099603999975,0.5633050506180809,0
-1.7491279520334666,-1.2330631462416228,1
1.1021006916090057,-0.8809871846328913,2
0.0178250880442944,2.039075690863719,0
-1.7463318168272228,0.355946795828621,1
1.866435289768274,-0.7676279637318757,2
-0.384721978381584,2.213642879060755,0
-0.9647898402143692,-0.7223235126366706,1
1.0089466587564893,-0.6168388355270631,2
-0.7152626480779625,0.2744871361731416,0
-0.10207720526713637,-0.7359231480154439,1
1.536774333955044,-1.2013271447519185,2
-0.5755636850470098,2.0905095704947905,0
-1.2288060007706874,-0.9598204245283957,1
1.8610951209833648,-0.9295219932761745,2
-0.007075046122049178,0.8080238753764402,0
-1.0526863736677363,-0.20700044293216768,1
0.8920288584373953,-0.3980097506535687,2
0.03666341079245566,1.5948912735849388,0
-0.8460866076390191,-0.8125802242503798,1
1.2557038996957766,-1.0870578106548008,2
0.2818771695300409,0.9921791322704325,0
-2.2536252705638926,-0.33472798493349,1
1.4737914631468474,-0.6301321926683504,2
-1.3306384583359163,3.6957437316027297,0
-1.6562411101995362,-0.4779559276437049,1
1.9933096421746364,-1.24990408574119,2
-0.47678183055093576,0.8330823128030629,0
-1.5162196320276364,-1.5013151887672898,1
-1.5248635630788039,-0.37195103709038496,2
0.3248210915778725,0.20819026242731076,0
-1.3221745339459956,-0.9317791562858388,1
0.6734529357132278,-1.8531105193658648,2
-0.4536768647969328,1.2691026798981704,0
-0.5092024285105842,-0.26739187526759606,1
1.7918797472610306,-0.5153144665728879,2
-0.011792825098219521,2.1794182908647866,0
-1.0737985323628503,-0.5710760068121314,1
1.4986928331739549,-0.8796492446381781,2
-0.5084229519297866,2.12073481929973,0
-0.461030407620732,0.1562887013956452,1
0.8889775752123105,-2.162917808547221,2
1.0812972242894716,1.2057054490562433,0
-1.3251988079617996,0.11970928579544748,1
1.2114848875037325,-1.5338702076299402,2
-0.866246223631432,0.2861195989772015,0
-1.0287448807778372,-0.6757652651487362,1
2.4791009935612838,-0.5349671087161431,2
-0.15684696907621062,1.2828969263395762,0
-0.5564053235067763,-0.5713830150903005,1
1.8559719129483798,-0.6351254425591965,2
-0.08694843386651492,1.0706138647389634,0
-1.346440110164065,0.3242518389483434,1
1.7595646487735945,-1.1738611137655044,2
-0.7501267026429858,1.0974895106225815,0
-1.515955744539543,0.1355307770546249,1
0.8064394776140533,-1.2822862414060205,2
-0.20833315803856253,1.4252640030410006,0
-0.3247546331421819,0.6685883404045005,1
-0.8488730178749808,-0.06625460903334945,2
-0.49310635917006934,1.2720696545686612,0
-0.6249974570081618,-0.9636434910201154,1
0.0011589610777016368,0.4361761839153373,2
-0.2694295385080205,2.111186770644886,0
-2.263037274555941,-0.9611598545962036,1
0.5550006906066064,-1.6723494635880334,2
0.5779028087222677,2.2031542722473034,0
-0.8566716358680279,-1.0014301414549753,1
-0.09267026592950045,-0.7158609606976472,2
0.6877354878303165,0.5840213072923498,0
-1.5545060969659947,-0.9029864268296687,1
1.2783741446620678,-1.4039833459030295,2
-0.07100050549013032,0.2896955173972613,0
-1.6873292694208366,-0.38459726020274493,1
1.920183866685353,0.3472066858224031,2
0.3074329561265238,1.891779260722486,0
-0.44230728753259874,-0.3369787410332298,1
1.0487269535713182,-1.241261058193826,2
-0.6695391296650334,1.1604902302709492,0
-1.463558612311679,0.2737907415493642,1
1.3965436064875414,-0.5770758275662013,2
-0.58674437244947,1.8815976307384124,0
-1.135627466696702,-0.7215896277013826,1
0.9933031012502289,-0.8221357190906178,2
-0.5066603216465291,0.8605212301384094,0
-0.16651974222852817,-0.20048629389235612,1
-0.2182919538243535,0.2180635663631466,2
0.4279497702550157,0.4225189550952455,0
-1.6896659440482686,-1.2057722998624474,1
0.5318825410863304,-0.7182887481654504,2
-0.77670133061602,1.144234293164967,0
-0.2908085374903737,-1.0757136841876536,1
1.2652549069364702,-1.6085335550826447,2
-0.12973702075752594,2.153976655879655,0
-1.8275996854639591,-0.25802843533919906,1
1.464103135337528,-0.9152984925730049,2
0.4519832617536929,1.3007536961639312,0
-0.16189110828919806,0.3861025284328402,1
0.6106108576310754,-0.869187081445098,2
-1.218041318399772,0.7758841540304251,0
-0.7825931814708562,-0.4529144305468449,1
-0.3186832221970277,0.0856833097124583,2
0.13548128433718776,2.8357109325990786,0
-1.646740165117531,-0.5208403256483471,1
0.6270271568350335,-0.6644202059627619,2
0.28022216161320296,1.985561993579231,0
-1.023938060180582,-0.4842942832431079,1
-1.1958730699384832,-0.2895578615513452,2
0.8327920988102809,1.342832759508616,0
-1.3184380963060285,-0.23164424775509335,1
1.807760993445423,-1.5330321843366137,2
0.18573846317701936,1.5838834962345052,0
-0.015624984993952484,-1.6976244575606396,1
0.8929000634729943,0.08115048238311195,2
