x,y
0.02735721180215478,0.2348023601593211
0.42729709995910525,-0.12173120872065862
0.673698834143579,1.2239532590433542
1.3893358339555562,0.9949660261710047
1.5449313493445516,0.9098976647128902
1.9087357842363417,0.9452276099546787
2.054697866551578,0.8551150867760571
2.4752389639616013,0.9379422389098488
2.81103502959013,0.5862508933738539
2.8586167353205383,0.6039446811140947
2.9486987087875605,0.44948897026842405
3.946193160954863,-1.175965358388759
4.037447650916874,-0.911889183341522
4.25796952098608,-0.1324804907529803
4.273819557856768,-0.4360010156763567
4.5527112716808915,-0.3800438565374219
4.887883174233139,-0.8170722662666379
4.891438954509795,-1.1785431744294217
5.274470399599522,-1.5671881937379013
5.460823616012931,-0.9646328380745939
5.90382493333891,-0.4640041901089243
6.1283886060118675,0.4225592695136756
6.2707394058816135,0.4898021745634752
6.581296445801854,0.5502600833218124
7.207431411370635,0.6385747849886203
7.671080259606242,0.4717543095686527
7.9868421563878655,1.3738602541779352
9.68377898214385,0.1311926017877219
9.81050967471674,-0.2329292216986766
9.948229456786066,-0.26595301365984936
